accession	genome	experiment_type	num_reads
DRX184548	ce11	Histone	32033954
DRX184549	ce11	Histone	26291984
DRX184550	ce11	Histone	23827690
DRX184552	ce11	Histone	28391575
DRX184553	ce11	Histone	29549494
DRX184554	ce11	Histone	28727719
DRX325719	ce11	TFs and others	8702767
DRX325720	ce11	TFs and others	11514675
DRX325721	ce11	TFs and others	8866489
DRX325722	ce11	TFs and others	6786223
DRX325723	ce11	Histone	12457621
DRX325724	ce11	Histone	10465047
DRX325725	ce11	Histone	9898854
DRX325726	ce11	TFs and others	8969932
DRX325727	ce11	TFs and others	7081179
DRX325728	ce11	TFs and others	8994806
DRX325732	ce11	TFs and others	9752273
DRX325733	ce11	TFs and others	9468639
DRX325734	ce11	TFs and others	11868273
DRX325735	ce11	TFs and others	4893573
DRX325736	ce11	Histone	14310611
DRX325737	ce11	Histone	11448610
DRX325738	ce11	Histone	5860851
DRX325739	ce11	TFs and others	5711305
DRX325740	ce11	TFs and others	8345806
DRX325741	ce11	TFs and others	5935756
SRX002673	ce11	TFs and others	11330473
SRX002675	ce11	TFs and others	13766925
SRX003816	ce11	RNA polymerase	11736857
SRX003817	ce11	RNA polymerase	1634666
SRX003818	ce11	RNA polymerase	15218948
SRX003819	ce11	RNA polymerase	1427608
SRX003820	ce11	RNA polymerase	15150543
SRX003821	ce11	RNA polymerase	11374329
SRX003822	ce11	RNA polymerase	11975152
SRX003823	ce11	RNA polymerase	1124137
SRX003824	ce11	RNA polymerase	14069076
SRX003825	ce11	RNA polymerase	8444506
SRX003830	ce11	TFs and others	3085377
SRX003832	ce11	TFs and others	1465710
SRX005625	ce11	TFs and others	5707229
SRX005626	ce11	RNA polymerase	4820475
SRX005628	ce11	TFs and others	7403385
SRX005629	ce11	RNA polymerase	4040048
SRX005631	ce11	TFs and others	3482818
SRX005632	ce11	RNA polymerase	4652073
SRX005634	ce11	TFs and others	4418118
SRX005635	ce11	RNA polymerase	1958846
SRX005637	ce11	TFs and others	2245066
SRX005639	ce11	TFs and others	5286180
SRX005648	ce11	RNA polymerase	4134711
SRX005649	ce11	RNA polymerase	5019687
SRX005650	ce11	RNA polymerase	2855301
SRX005651	ce11	RNA polymerase	12672720
SRX012297	ce11	Histone	8379722
SRX012298	ce11	Histone	7829986
SRX012300	ce11	Histone	13402463
SRX015093	ce11	TFs and others	4009487
SRX015094	ce11	TFs and others	4453409
SRX015096	ce11	TFs and others	5078643
SRX015098	ce11	TFs and others	4816763
SRX015100	ce11	TFs and others	25901
SRX015102	ce11	TFs and others	19233
SRX027098	ce11	TFs and others	10435718
SRX027210	ce11	Histone	21006018
SRX027211	ce11	Histone	16264926
SRX043843	ce11	RNA polymerase	2045900
SRX043844	ce11	RNA polymerase	7488173
SRX043845	ce11	RNA polymerase	4001586
SRX043846	ce11	RNA polymerase	4359117
SRX043847	ce11	TFs and others	11728071
SRX043848	ce11	TFs and others	7291448
SRX043849	ce11	TFs and others	3514796
SRX043850	ce11	TFs and others	3287005
SRX043851	ce11	TFs and others	4453021
SRX043852	ce11	TFs and others	3814569
SRX043853	ce11	TFs and others	4175238
SRX043854	ce11	TFs and others	3382293
SRX043855	ce11	TFs and others	1826485
SRX043856	ce11	TFs and others	1320973
SRX043857	ce11	TFs and others	1463940
SRX043858	ce11	TFs and others	7132310
SRX043859	ce11	TFs and others	8510752
SRX043860	ce11	TFs and others	6078507
SRX043861	ce11	TFs and others	10748447
SRX043862	ce11	TFs and others	11262656
SRX043863	ce11	RNA polymerase	4304838
SRX043864	ce11	RNA polymerase	4157862
SRX043865	ce11	RNA polymerase	3999191
SRX043866	ce11	RNA polymerase	3435784
SRX043867	ce11	RNA polymerase	2762967
SRX043868	ce11	RNA polymerase	5066974
SRX043869	ce11	RNA polymerase	3075775
SRX043870	ce11	RNA polymerase	2643487
SRX043871	ce11	RNA polymerase	1960399
SRX043872	ce11	RNA polymerase	3046025
SRX043873	ce11	RNA polymerase	6195176
SRX043874	ce11	RNA polymerase	1982871
SRX043875	ce11	RNA polymerase	7475940
SRX043876	ce11	RNA polymerase	3599715
SRX043877	ce11	RNA polymerase	2360699
SRX043878	ce11	RNA polymerase	3432445
SRX043879	ce11	RNA polymerase	10071493
SRX043880	ce11	RNA polymerase	7075959
SRX043881	ce11	RNA polymerase	16766619
SRX043882	ce11	RNA polymerase	4267892
SRX043963	ce11	RNA polymerase	4549636
SRX043964	ce11	RNA polymerase	2183551
SRX043965	ce11	RNA polymerase	3926903
SRX043966	ce11	RNA polymerase	3599010
SRX043967	ce11	RNA polymerase	12256900
SRX043968	ce11	RNA polymerase	4103691
SRX043969	ce11	RNA polymerase	3528845
SRX043970	ce11	RNA polymerase	2798572
SRX043971	ce11	TFs and others	4294421
SRX043972	ce11	TFs and others	3197636
SRX043973	ce11	TFs and others	3303542
SRX043974	ce11	TFs and others	3398599
SRX043975	ce11	TFs and others	4302276
SRX043976	ce11	TFs and others	2875667
SRX043977	ce11	TFs and others	4078616
SRX043978	ce11	TFs and others	4078616
SRX043979	ce11	TFs and others	4095660
SRX043980	ce11	TFs and others	2422483
SRX043981	ce11	TFs and others	4793412
SRX043982	ce11	TFs and others	4849260
SRX043983	ce11	TFs and others	2937474
SRX043984	ce11	TFs and others	3793195
SRX043985	ce11	TFs and others	6024710
SRX043986	ce11	TFs and others	4785340
SRX043987	ce11	TFs and others	4732745
SRX043988	ce11	TFs and others	4379799
SRX043989	ce11	TFs and others	5494920
SRX043990	ce11	TFs and others	2703485
SRX043991	ce11	TFs and others	5006120
SRX043992	ce11	TFs and others	6877445
SRX043993	ce11	TFs and others	4165583
SRX043994	ce11	TFs and others	9149187
SRX043995	ce11	TFs and others	5161232
SRX043996	ce11	TFs and others	2863365
SRX043997	ce11	TFs and others	6342158
SRX043998	ce11	TFs and others	9803146
SRX043999	ce11	TFs and others	4797823
SRX044000	ce11	TFs and others	6981933
SRX044001	ce11	TFs and others	3951440
SRX044002	ce11	TFs and others	4377247
SRX044003	ce11	TFs and others	3242196
SRX044004	ce11	TFs and others	4107237
SRX044005	ce11	TFs and others	4031127
SRX044006	ce11	TFs and others	4786851
SRX044007	ce11	TFs and others	3061161
SRX044008	ce11	TFs and others	4291179
SRX044009	ce11	TFs and others	5195866
SRX044010	ce11	TFs and others	5285403
SRX044011	ce11	TFs and others	1068726
SRX044012	ce11	TFs and others	3021900
SRX044013	ce11	TFs and others	1894556
SRX044014	ce11	TFs and others	4416551
SRX044015	ce11	TFs and others	4109787
SRX044016	ce11	TFs and others	3180686
SRX044017	ce11	TFs and others	5399491
SRX044018	ce11	TFs and others	5072408
SRX044021	ce11	TFs and others	14244415
SRX044022	ce11	TFs and others	11454976
SRX044023	ce11	TFs and others	28993063
SRX044024	ce11	TFs and others	8501634
SRX054205	ce11	TFs and others	5395132
SRX054206	ce11	TFs and others	6132744
SRX054207	ce11	TFs and others	4220063
SRX054208	ce11	TFs and others	857311
SRX054209	ce11	TFs and others	4918197
SRX054210	ce11	TFs and others	2182021
SRX054211	ce11	TFs and others	3671631
SRX054248	ce11	TFs and others	2689326
SRX054249	ce11	TFs and others	1817076
SRX054250	ce11	TFs and others	5712711
SRX054251	ce11	TFs and others	3852108
SRX054252	ce11	TFs and others	2829693
SRX054253	ce11	TFs and others	3535784
SRX054254	ce11	TFs and others	5858168
SRX054255	ce11	TFs and others	4832460
SRX054256	ce11	TFs and others	2727720
SRX054257	ce11	TFs and others	3573958
SRX054258	ce11	TFs and others	1934794
SRX054259	ce11	TFs and others	2438831
SRX054260	ce11	TFs and others	4173453
SRX054261	ce11	TFs and others	7119810
SRX054262	ce11	TFs and others	2973812
SRX054263	ce11	TFs and others	2872705
SRX054264	ce11	TFs and others	1060761
SRX054265	ce11	TFs and others	3994945
SRX054266	ce11	TFs and others	858599
SRX054303	ce11	TFs and others	4693546
SRX054304	ce11	TFs and others	3180657
SRX054305	ce11	TFs and others	2488882
SRX054306	ce11	TFs and others	4042196
SRX054307	ce11	TFs and others	5195407
SRX054308	ce11	TFs and others	2804733
SRX054309	ce11	TFs and others	3419652
SRX054310	ce11	TFs and others	1387623
SRX054311	ce11	TFs and others	4502986
SRX059223	ce11	Histone	17396159
SRX059224	ce11	Histone	19829939
SRX059225	ce11	Histone	15118307
SRX059226	ce11	TFs and others	4855812
SRX059227	ce11	TFs and others	16535439
SRX059228	ce11	Histone	19141045
SRX059229	ce11	Histone	20333805
SRX059230	ce11	TFs and others	4429111
SRX059231	ce11	TFs and others	9199053
SRX059232	ce11	TFs and others	2456763
SRX059233	ce11	TFs and others	15907024
SRX059234	ce11	TFs and others	3402069
SRX059235	ce11	TFs and others	15514273
SRX059237	ce11	Histone	15322250
SRX059238	ce11	Histone	27166289
SRX059239	ce11	Histone	27183911
SRX059240	ce11	TFs and others	7976699
SRX059241	ce11	TFs and others	15415791
SRX059242	ce11	TFs and others	15638416
SRX059243	ce11	TFs and others	7751700
SRX059244	ce11	Histone	16597845
SRX059245	ce11	Histone	25360297
SRX059246	ce11	TFs and others	4391606
SRX059248	ce11	TFs and others	8114172
SRX059250	ce11	TFs and others	16864948
SRX059251	ce11	TFs and others	16560194
SRX059252	ce11	TFs and others	15991314
SRX059253	ce11	TFs and others	17674323
SRX059254	ce11	Histone	11592789
SRX059255	ce11	Histone	25891064
SRX059256	ce11	TFs and others	3578976
SRX059257	ce11	TFs and others	14398666
SRX059264	ce11	Histone	19253374
SRX059265	ce11	Histone	23070060
SRX059267	ce11	TFs and others	8845185
SRX059268	ce11	TFs and others	7389099
SRX059269	ce11	TFs and others	8549506
SRX059270	ce11	TFs and others	10785689
SRX059271	ce11	RNA polymerase	3133532
SRX059272	ce11	RNA polymerase	8055605
SRX059273	ce11	Histone	21006018
SRX059274	ce11	Histone	16264926
SRX063957	ce11	Histone	25891064
SRX063958	ce11	Histone	8463151
SRX063959	ce11	Histone	8103294
SRX063960	ce11	TFs and others	17659150
SRX065624	ce11	TFs and others	3506992
SRX065625	ce11	TFs and others	5547738
SRX065628	ce11	TFs and others	5037643
SRX065629	ce11	TFs and others	6202620
SRX065632	ce11	TFs and others	5463422
SRX065633	ce11	TFs and others	5717141
SRX065636	ce11	TFs and others	5310923
SRX065637	ce11	TFs and others	5719110
SRX065640	ce11	TFs and others	4247556
SRX065641	ce11	TFs and others	8765642
SRX065644	ce11	TFs and others	6535960
SRX065645	ce11	TFs and others	4851771
SRX065648	ce11	TFs and others	4753341
SRX065649	ce11	TFs and others	6346433
SRX065652	ce11	TFs and others	6565644
SRX065653	ce11	TFs and others	4773284
SRX065656	ce11	TFs and others	6363241
SRX065657	ce11	TFs and others	4582326
SRX065660	ce11	TFs and others	7263691
SRX065661	ce11	TFs and others	5134187
SRX065664	ce11	TFs and others	7947887
SRX065665	ce11	TFs and others	4189170
SRX065677	ce11	TFs and others	6611858
SRX065678	ce11	TFs and others	6518274
SRX065681	ce11	TFs and others	7350402
SRX065682	ce11	TFs and others	5456507
SRX065685	ce11	TFs and others	4949042
SRX065686	ce11	TFs and others	7562402
SRX065689	ce11	TFs and others	9851248
SRX065690	ce11	TFs and others	3673862
SRX065693	ce11	TFs and others	4470745
SRX065694	ce11	TFs and others	5025753
SRX065697	ce11	TFs and others	3661211
SRX065698	ce11	TFs and others	4542835
SRX065701	ce11	TFs and others	7187808
SRX065702	ce11	TFs and others	4912880
SRX065705	ce11	TFs and others	6455317
SRX065706	ce11	TFs and others	8952230
SRX065709	ce11	TFs and others	5679829
SRX065710	ce11	TFs and others	6286196
SRX065713	ce11	TFs and others	5788678
SRX065714	ce11	TFs and others	2439120
SRX065717	ce11	TFs and others	6148093
SRX065718	ce11	TFs and others	6153186
SRX065721	ce11	TFs and others	9517145
SRX065722	ce11	TFs and others	8304966
SRX065725	ce11	TFs and others	8960112
SRX065726	ce11	TFs and others	8990633
SRX076077	ce11	Histone	16917825
SRX076078	ce11	Histone	12676822
SRX076079	ce11	Histone	12806974
SRX080059	ce11	TFs and others	3638904
SRX080061	ce11	TFs and others	5371132
SRX080063	ce11	TFs and others	3273507
SRX080065	ce11	TFs and others	4285296
SRX080067	ce11	TFs and others	1161234
SRX080068	ce11	TFs and others	1799780
SRX080070	ce11	TFs and others	4382589
SRX080072	ce11	TFs and others	4764680
SRX080074	ce11	TFs and others	3689890
SRX080076	ce11	TFs and others	4285635
SRX080078	ce11	TFs and others	5303031
SRX080080	ce11	TFs and others	2341051
SRX080082	ce11	TFs and others	6303653
SRX080084	ce11	TFs and others	1573914
SRX080085	ce11	TFs and others	2502361
SRX080087	ce11	TFs and others	4800550
SRX080088	ce11	TFs and others	5992012
SRX080090	ce11	TFs and others	5139276
SRX080092	ce11	TFs and others	2955703
SRX080094	ce11	TFs and others	6016478
SRX080096	ce11	TFs and others	4663656
SRX080098	ce11	TFs and others	7035155
SRX080100	ce11	TFs and others	2751348
SRX080102	ce11	TFs and others	6275526
SRX080104	ce11	TFs and others	6438791
SRX080106	ce11	TFs and others	5315157
SRX094473	ce11	Histone	10356199
SRX094475	ce11	Histone	12796605
SRX094514	ce11	TFs and others	17659150
SRX094515	ce11	TFs and others	3221462
SRX1007131	ce11	RNA polymerase	6085075
SRX1007132	ce11	RNA polymerase	2905382
SRX1007133	ce11	RNA polymerase	9065402
SRX1007135	ce11	RNA polymerase	44398214
SRX1007136	ce11	RNA polymerase	34711485
SRX1007137	ce11	RNA polymerase	37064023
SRX1007138	ce11	RNA polymerase	38254702
SRX1010104	ce11	RNA polymerase	47790140
SRX1010106	ce11	RNA polymerase	1846797
SRX1010108	ce11	RNA polymerase	4692533
SRX10144728	ce11	ATAC-Seq	53318775
SRX10144729	ce11	ATAC-Seq	69225522
SRX10144730	ce11	ATAC-Seq	82331130
SRX10144731	ce11	ATAC-Seq	66095729
SRX10144732	ce11	ATAC-Seq	94001427
SRX10144733	ce11	ATAC-Seq	74504288
SRX10144734	ce11	ATAC-Seq	56172329
SRX10144735	ce11	ATAC-Seq	79047962
SRX10144736	ce11	ATAC-Seq	65409952
SRX10144737	ce11	ATAC-Seq	71692877
SRX10144738	ce11	ATAC-Seq	93407826
SRX10144739	ce11	ATAC-Seq	76927674
SRX10171460	ce11	Histone	9459939
SRX10171471	ce11	Histone	17146943
SRX10171472	ce11	Histone	13357392
SRX10171473	ce11	Histone	7807636
SRX10171474	ce11	Histone	13105655
SRX10171475	ce11	Histone	9996650
SRX10171476	ce11	Histone	6091584
SRX10171477	ce11	Histone	7767055
SRX10171478	ce11	Histone	7405822
SRX1030169	ce11	TFs and others	29502971
SRX10342574	ce11	Histone	31994480
SRX10342575	ce11	Histone	33852201
SRX10342576	ce11	Histone	43166998
SRX10342577	ce11	Histone	40204217
SRX10342590	ce11	Histone	17978083
SRX10342591	ce11	Histone	19971878
SRX10342592	ce11	Histone	24536500
SRX10342593	ce11	Histone	21968333
SRX10342594	ce11	Histone	20325733
SRX10342595	ce11	Histone	21539394
SRX10342596	ce11	Histone	22931718
SRX10342597	ce11	Histone	20823464
SRX10342598	ce11	Histone	22711499
SRX10342599	ce11	Histone	22815753
SRX10342600	ce11	Histone	20409694
SRX10342601	ce11	Histone	21049530
SRX10398999	ce11	TFs and others	17744254
SRX10399000	ce11	TFs and others	3543318
SRX10399002	ce11	TFs and others	10134276
SRX10399003	ce11	TFs and others	11520084
SRX10399006	ce11	TFs and others	6324800
SRX10399007	ce11	TFs and others	7823566
SRX10399012	ce11	TFs and others	12931999
SRX10399013	ce11	TFs and others	26032717
SRX10399015	ce11	TFs and others	19274405
SRX10399016	ce11	TFs and others	16652358
SRX10399019	ce11	TFs and others	10584561
SRX10399020	ce11	TFs and others	9344915
SRX10399023	ce11	TFs and others	30237542
SRX10399024	ce11	TFs and others	10514863
SRX10399027	ce11	TFs and others	13755672
SRX10399028	ce11	TFs and others	11513557
SRX10399029	ce11	TFs and others	12305094
SRX10399033	ce11	TFs and others	12727087
SRX10399035	ce11	TFs and others	15240550
SRX10399036	ce11	TFs and others	9752445
SRX10435504	ce11	TFs and others	28415103
SRX10435505	ce11	TFs and others	26879836
SRX10435506	ce11	TFs and others	13134824
SRX10435507	ce11	TFs and others	15101882
SRX10435508	ce11	TFs and others	6835838
SRX10435509	ce11	TFs and others	21224863
SRX10435510	ce11	TFs and others	22508594
SRX10435511	ce11	TFs and others	11456007
SRX10435522	ce11	TFs and others	19737524
SRX10435523	ce11	TFs and others	17374353
SRX10435524	ce11	TFs and others	17673881
SRX10435525	ce11	TFs and others	21755740
SRX10435526	ce11	TFs and others	26895587
SRX10435527	ce11	TFs and others	16193821
SRX10435528	ce11	TFs and others	15770325
SRX10435529	ce11	TFs and others	21391298
SRX10435530	ce11	TFs and others	15548551
SRX10435531	ce11	TFs and others	14873708
SRX10435532	ce11	TFs and others	13590622
SRX10435533	ce11	TFs and others	23068113
SRX10435534	ce11	TFs and others	10997362
SRX10435535	ce11	TFs and others	18842116
SRX10435536	ce11	TFs and others	16581305
SRX10435537	ce11	TFs and others	9949032
SRX10680855	ce11	TFs and others	13636350
SRX10680856	ce11	TFs and others	14110734
SRX10680858	ce11	TFs and others	6669380
SRX10680859	ce11	TFs and others	9853605
SRX10925641	ce11	Histone	20770353
SRX10925642	ce11	Histone	21701825
SRX10925643	ce11	Histone	22745630
SRX10925644	ce11	Histone	22996189
SRX10925645	ce11	Histone	20799027
SRX10925646	ce11	Histone	23165936
SRX10925647	ce11	Histone	22878026
SRX10925648	ce11	Histone	22236561
SRX10925649	ce11	Histone	23424289
SRX10925650	ce11	Histone	23421007
SRX10925653	ce11	Histone	20163185
SRX10925654	ce11	Histone	22079937
SRX10925655	ce11	Histone	24657757
SRX10925656	ce11	Histone	22645149
SRX10925679	ce11	Histone	21745646
SRX10925680	ce11	Histone	21684131
SRX10925681	ce11	Histone	22685309
SRX10925682	ce11	Histone	23185339
SRX10925683	ce11	Histone	23315447
SRX10925684	ce11	Histone	23505606
SRX1099836	ce11	TFs and others	6675524
SRX1099837	ce11	TFs and others	20043959
SRX1099838	ce11	TFs and others	12979175
SRX1099839	ce11	TFs and others	9521857
SRX1099840	ce11	TFs and others	18006842
SRX1099841	ce11	TFs and others	10264029
SRX11322242	ce11	RNA polymerase	8119087
SRX11322243	ce11	RNA polymerase	8727747
SRX11322244	ce11	Histone	10584893
SRX11322245	ce11	Histone	6526657
SRX1132912	ce11	TFs and others	14191303
SRX1132915	ce11	Histone	22878101
SRX1132916	ce11	TFs and others	29558379
SRX1132918	ce11	Histone	25944757
SRX1132919	ce11	TFs and others	12232138
SRX113600	ce11	Histone	7970866
SRX113601	ce11	Histone	12127846
SRX113602	ce11	Histone	12375428
SRX113603	ce11	Histone	23808649
SRX113604	ce11	Histone	11039671
SRX113605	ce11	Histone	11435261
SRX113606	ce11	Histone	9740995
SRX113607	ce11	Histone	8241670
SRX113608	ce11	Histone	6956186
SRX113609	ce11	Histone	14958099
SRX113610	ce11	Histone	14341616
SRX113611	ce11	Histone	15876751
SRX113616	ce11	Histone	7097223
SRX113617	ce11	Histone	6857333
SRX113618	ce11	Histone	7627245
SRX113619	ce11	Histone	7562954
SRX113620	ce11	Histone	6873247
SRX113621	ce11	Histone	7751200
SRX11633392	ce11	TFs and others	11159475
SRX11633393	ce11	TFs and others	14335432
SRX11633394	ce11	TFs and others	9798601
SRX11633395	ce11	TFs and others	11081177
SRX11633396	ce11	TFs and others	14804697
SRX11633400	ce11	TFs and others	13997378
SRX11633401	ce11	TFs and others	18428596
SRX11633402	ce11	TFs and others	22364902
SRX11633403	ce11	TFs and others	10732127
SRX11633404	ce11	TFs and others	17038881
SRX11633405	ce11	TFs and others	27402976
SRX118221	ce11	TFs and others	3773496
SRX118222	ce11	TFs and others	3560372
SRX118226	ce11	TFs and others	7426844
SRX118227	ce11	TFs and others	11242035
SRX120286	ce11	TFs and others	6307945
SRX120287	ce11	TFs and others	6005290
SRX1299429	ce11	Histone	8967527
SRX13110309	ce11	RNA polymerase	9205537
SRX13110311	ce11	RNA polymerase	10742112
SRX13110313	ce11	RNA polymerase	7352008
SRX13110314	ce11	RNA polymerase	18087252
SRX13110315	ce11	RNA polymerase	21198851
SRX13110319	ce11	TFs and others	16705645
SRX13110320	ce11	TFs and others	16561614
SRX13110321	ce11	TFs and others	19007906
SRX13110322	ce11	TFs and others	14600942
SRX13110324	ce11	TFs and others	16808427
SRX13110326	ce11	TFs and others	13613036
SRX13110327	ce11	TFs and others	17825908
SRX13110328	ce11	TFs and others	18467068
SRX13110329	ce11	TFs and others	13248824
SRX13110330	ce11	TFs and others	13049705
SRX13110341	ce11	TFs and others	16667868
SRX13110342	ce11	TFs and others	17870653
SRX13110343	ce11	TFs and others	16519686
SRX13110344	ce11	TFs and others	17904533
SRX13110345	ce11	TFs and others	13003194
SRX13110346	ce11	TFs and others	11741156
SRX13110347	ce11	TFs and others	19147033
SRX13110348	ce11	TFs and others	15860083
SRX13110349	ce11	TFs and others	20522787
SRX13110350	ce11	TFs and others	15997017
SRX13110351	ce11	TFs and others	12742419
SRX13110352	ce11	TFs and others	8256086
SRX13110354	ce11	TFs and others	20710289
SRX13110356	ce11	TFs and others	15902738
SRX13496419	ce11	TFs and others	12054970
SRX13496420	ce11	TFs and others	16285563
SRX1353663	ce11	TFs and others	14006131
SRX1353664	ce11	TFs and others	15191543
SRX1353665	ce11	TFs and others	14247449
SRX1353666	ce11	TFs and others	14547030
SRX1353667	ce11	TFs and others	15113259
SRX1353668	ce11	TFs and others	14864045
SRX1388756	ce11	RNA polymerase	4071852
SRX1388757	ce11	RNA polymerase	4094047
SRX1388758	ce11	RNA polymerase	4494469
SRX1388759	ce11	RNA polymerase	4178244
SRX1388760	ce11	RNA polymerase	3999906
SRX1388761	ce11	RNA polymerase	6278884
SRX1388762	ce11	RNA polymerase	3585613
SRX1388763	ce11	RNA polymerase	4976690
SRX1388764	ce11	RNA polymerase	6061718
SRX1388765	ce11	RNA polymerase	4012072
SRX1388766	ce11	RNA polymerase	3615269
SRX1388767	ce11	RNA polymerase	5332698
SRX1388768	ce11	Histone	3322867
SRX1388769	ce11	Histone	3183642
SRX1388770	ce11	Histone	3272186
SRX1388771	ce11	Histone	8786527
SRX1388772	ce11	Histone	6307347
SRX1388773	ce11	Histone	6497093
SRX1388774	ce11	Histone	3261040
SRX1388775	ce11	Histone	2257065
SRX1388776	ce11	Histone	3633709
SRX1388777	ce11	Histone	6335686
SRX1388778	ce11	Histone	7341639
SRX1388779	ce11	Histone	6755648
SRX146415	ce11	TFs and others	1834890
SRX146416	ce11	TFs and others	5042449
SRX146419	ce11	TFs and others	4285635
SRX146420	ce11	TFs and others	5303031
SRX146423	ce11	TFs and others	3273507
SRX146424	ce11	TFs and others	4285296
SRX146460	ce11	TFs and others	4285635
SRX146461	ce11	TFs and others	5303031
SRX146464	ce11	TFs and others	2341051
SRX146465	ce11	TFs and others	6303653
SRX146468	ce11	TFs and others	3174139
SRX146469	ce11	TFs and others	5185898
SRX146489	ce11	TFs and others	3730166
SRX146490	ce11	TFs and others	5700331
SRX146500	ce11	TFs and others	5078643
SRX146501	ce11	TFs and others	4816763
SRX146504	ce11	TFs and others	5650319
SRX146505	ce11	TFs and others	3071171
SRX146506	ce11	TFs and others	3783726
SRX146507	ce11	TFs and others	3189324
SRX146512	ce11	TFs and others	4723194
SRX146513	ce11	TFs and others	5605041
SRX146516	ce11	TFs and others	4080576
SRX146517	ce11	TFs and others	2598529
SRX146520	ce11	TFs and others	5908241
SRX146521	ce11	TFs and others	6376741
SRX147613	ce11	TFs and others	4718103
SRX147614	ce11	TFs and others	3450416
SRX147617	ce11	TFs and others	5170353
SRX147618	ce11	TFs and others	5324899
SRX147621	ce11	TFs and others	4893961
SRX147622	ce11	TFs and others	5197141
SRX147625	ce11	TFs and others	3323286
SRX147626	ce11	TFs and others	5175048
SRX147629	ce11	TFs and others	8275721
SRX147630	ce11	TFs and others	6036969
SRX147633	ce11	TFs and others	7153813
SRX147634	ce11	TFs and others	8800954
SRX147637	ce11	TFs and others	5025604
SRX147638	ce11	TFs and others	4358445
SRX147641	ce11	TFs and others	7461455
SRX147642	ce11	TFs and others	6026182
SRX147645	ce11	TFs and others	6410115
SRX147646	ce11	TFs and others	5672599
SRX148637	ce11	Histone	15301248
SRX148638	ce11	Histone	9883662
SRX148639	ce11	Histone	14860990
SRX151402	ce11	TFs and others	6620262
SRX151403	ce11	TFs and others	5821931
SRX151406	ce11	TFs and others	8913638
SRX151407	ce11	TFs and others	4892808
SRX15407768	ce11	TFs and others	9758566
SRX15407769	ce11	TFs and others	11193660
SRX15407770	ce11	TFs and others	11771068
SRX15407771	ce11	TFs and others	10957458
SRX15407772	ce11	TFs and others	31442701
SRX15407773	ce11	TFs and others	29489415
SRX15407774	ce11	TFs and others	31369868
SRX15407775	ce11	TFs and others	11737620
SRX15407776	ce11	TFs and others	18679526
SRX15407777	ce11	TFs and others	20540584
SRX15407778	ce11	TFs and others	20407605
SRX15407779	ce11	TFs and others	19314090
SRX15407780	ce11	TFs and others	16524259
SRX15407781	ce11	TFs and others	19171822
SRX15625451	ce11	TFs and others	372219041
SRX15887167	ce11	TFs and others	41359758
SRX15887168	ce11	TFs and others	22188057
SRX15887169	ce11	TFs and others	23556759
SRX15887170	ce11	TFs and others	35799607
SRX15887172	ce11	TFs and others	12931999
SRX15887173	ce11	TFs and others	26032717
SRX15887175	ce11	TFs and others	19274405
SRX15887176	ce11	TFs and others	16652358
SRX15887178	ce11	TFs and others	12727087
SRX15887179	ce11	TFs and others	42920540
SRX15887181	ce11	TFs and others	15240550
SRX15887182	ce11	TFs and others	9752445
SRX15887187	ce11	TFs and others	23011225
SRX15887188	ce11	TFs and others	11520084
SRX15887191	ce11	TFs and others	13755672
SRX15887194	ce11	TFs and others	10514863
SRX15887195	ce11	TFs and others	30237542
SRX15887197	ce11	TFs and others	22496276
SRX15887198	ce11	TFs and others	9243704
SRX15887200	ce11	TFs and others	11513557
SRX15887201	ce11	TFs and others	12305094
SRX15887204	ce11	TFs and others	14915841
SRX15887205	ce11	TFs and others	12212805
SRX15887206	ce11	TFs and others	15171167
SRX15887210	ce11	TFs and others	17327293
SRX15887211	ce11	TFs and others	22013041
SRX15887215	ce11	TFs and others	14135831
SRX15887216	ce11	TFs and others	19485839
SRX15887217	ce11	TFs and others	15058684
SRX15887221	ce11	TFs and others	18101822
SRX15887222	ce11	TFs and others	8234750
SRX15887227	ce11	TFs and others	3543318
SRX15887228	ce11	TFs and others	17744254
SRX15887231	ce11	TFs and others	10134276
SRX1674090	ce11	RNA polymerase	50879695
SRX1674093	ce11	RNA polymerase	103005862
SRX1674094	ce11	RNA polymerase	56496066
SRX1674098	ce11	RNA polymerase	100922140
SRX1674099	ce11	RNA polymerase	104108339
SRX1674100	ce11	RNA polymerase	57625311
SRX1674101	ce11	RNA polymerase	58288493
SRX1674102	ce11	Histone	36972865
SRX17187270	ce11	ATAC-Seq	26857339
SRX17187271	ce11	ATAC-Seq	37059032
SRX17187274	ce11	ATAC-Seq	51345758
SRX17187275	ce11	ATAC-Seq	18992890
SRX17187279	ce11	ATAC-Seq	44597260
SRX17187281	ce11	ATAC-Seq	25121166
SRX17187287	ce11	ATAC-Seq	50491908
SRX17187289	ce11	ATAC-Seq	24864294
SRX17187292	ce11	ATAC-Seq	18555740
SRX17187294	ce11	ATAC-Seq	23392419
SRX17187296	ce11	ATAC-Seq	13526778
SRX172525	ce11	Histone	15886021
SRX172526	ce11	Histone	32252152
SRX172527	ce11	Histone	23992486
SRX17392620	ce11	Histone	35516656
SRX17392621	ce11	Histone	51727448
SRX17392622	ce11	Histone	47195563
SRX17392623	ce11	Histone	46827749
SRX17392624	ce11	Histone	42304940
SRX17392625	ce11	Histone	42399887
SRX17605265	ce11	TFs and others	50210686
SRX17605266	ce11	TFs and others	59307901
SRX17605267	ce11	TFs and others	57387970
SRX17605290	ce11	TFs and others	27465369
SRX17605291	ce11	TFs and others	31798736
SRX1769982	ce11	TFs and others	3470371
SRX1769983	ce11	TFs and others	19445923
SRX1769984	ce11	TFs and others	11140655
SRX1769985	ce11	TFs and others	20141515
SRX1769986	ce11	TFs and others	7949569
SRX1769987	ce11	TFs and others	1629672
SRX1769988	ce11	TFs and others	6113677
SRX1769989	ce11	TFs and others	5084782
SRX1769990	ce11	TFs and others	14525466
SRX1769991	ce11	TFs and others	22271448
SRX1769992	ce11	TFs and others	6174995
SRX1769993	ce11	TFs and others	18925488
SRX1769994	ce11	TFs and others	54569107
SRX1769995	ce11	TFs and others	7133376
SRX1769996	ce11	TFs and others	87175889
SRX1769997	ce11	TFs and others	53147964
SRX18303534	ce11	ATAC-Seq	14660316
SRX18303535	ce11	ATAC-Seq	15803636
SRX18303536	ce11	ATAC-Seq	8684764
SRX18303537	ce11	ATAC-Seq	5906324
SRX18303538	ce11	ATAC-Seq	11437689
SRX18303539	ce11	ATAC-Seq	18051887
SRX18303540	ce11	ATAC-Seq	5323987
SRX18303541	ce11	ATAC-Seq	10736284
SRX18303542	ce11	ATAC-Seq	17158167
SRX18303543	ce11	ATAC-Seq	24012629
SRX18303544	ce11	ATAC-Seq	13315761
SRX18303545	ce11	ATAC-Seq	7617178
SRX18303546	ce11	ATAC-Seq	32658691
SRX18303547	ce11	ATAC-Seq	21629179
SRX18303548	ce11	ATAC-Seq	28994666
SRX18303549	ce11	ATAC-Seq	6794643
SRX188613	ce11	RNA polymerase	4666552
SRX188614	ce11	RNA polymerase	6486474
SRX188617	ce11	RNA polymerase	4922526
SRX188618	ce11	RNA polymerase	4144392
SRX19312603	ce11	ATAC-Seq	15982381
SRX19312604	ce11	ATAC-Seq	18064937
SRX19312605	ce11	ATAC-Seq	16276519
SRX19312606	ce11	ATAC-Seq	17903531
SRX19312607	ce11	ATAC-Seq	16352658
SRX19312608	ce11	ATAC-Seq	15096490
SRX19312661	ce11	TFs and others	32169120
SRX19312662	ce11	TFs and others	29237604
SRX19312663	ce11	TFs and others	24313284
SRX19312664	ce11	TFs and others	28602884
SRX1949396	ce11	TFs and others	11238748
SRX1949397	ce11	TFs and others	12492161
SRX1949398	ce11	TFs and others	20859731
SRX19856960	ce11	TFs and others	40013894
SRX19856962	ce11	TFs and others	45539975
SRX2011722	ce11	TFs and others	17446004
SRX2011723	ce11	TFs and others	11867230
SRX2011724	ce11	TFs and others	12623036
SRX2011725	ce11	TFs and others	14269660
SRX20276861	ce11	ATAC-Seq	99630303
SRX20276862	ce11	ATAC-Seq	87310820
SRX20276863	ce11	ATAC-Seq	95954850
SRX20276864	ce11	ATAC-Seq	101184494
SRX20276865	ce11	ATAC-Seq	92055004
SRX20276866	ce11	ATAC-Seq	87586715
SRX20276910	ce11	Histone	18013783
SRX20276914	ce11	Histone	21176345
SRX20276915	ce11	Histone	29726278
SRX20276916	ce11	Histone	20397924
SRX20276917	ce11	Histone	29977448
SRX20276922	ce11	Histone	39655937
SRX20276923	ce11	Histone	37957801
SRX20276924	ce11	Histone	50091762
SRX20276925	ce11	Histone	34743022
SRX20276927	ce11	Histone	16993439
SRX20276930	ce11	Histone	32915775
SRX20276931	ce11	Histone	23253143
SRX20276932	ce11	Histone	31466814
SRX20276933	ce11	Histone	26337244
SRX20276938	ce11	Histone	34182338
SRX20276939	ce11	Histone	42505710
SRX20276940	ce11	Histone	40752427
SRX20276941	ce11	Histone	40909282
SRX2035133	ce11	Histone	7076912
SRX2035134	ce11	Histone	6829144
SRX2035136	ce11	Histone	6460224
SRX2035137	ce11	Histone	6426854
SRX20811767	ce11	Histone	28779848
SRX20811768	ce11	Histone	18748114
SRX208755	ce11	TFs and others	19595990
SRX208756	ce11	TFs and others	6972845
SRX208763	ce11	TFs and others	11756944
SRX208764	ce11	TFs and others	14746480
SRX208767	ce11	TFs and others	8273591
SRX208768	ce11	TFs and others	12785509
SRX208769	ce11	TFs and others	13454005
SRX208770	ce11	TFs and others	18415218
SRX208771	ce11	RNA polymerase	14095169
SRX208772	ce11	RNA polymerase	13827258
SRX208773	ce11	RNA polymerase	17247211
SRX208774	ce11	RNA polymerase	19098144
SRX208775	ce11	TFs and others	15778723
SRX208776	ce11	TFs and others	11387508
SRX208777	ce11	TFs and others	10320462
SRX208778	ce11	TFs and others	11715770
SRX21064582	ce11	TFs and others	4052356
SRX21064583	ce11	TFs and others	14553950
SRX21064584	ce11	TFs and others	13209219
SRX21064585	ce11	TFs and others	14402133
SRX21064586	ce11	TFs and others	17583852
SRX21064587	ce11	TFs and others	23081685
SRX21064588	ce11	TFs and others	9654916
SRX21064589	ce11	TFs and others	15631996
SRX21064590	ce11	TFs and others	15897607
SRX21064591	ce11	TFs and others	15670415
SRX21064592	ce11	TFs and others	17231087
SRX21064593	ce11	TFs and others	21942316
SRX21064600	ce11	TFs and others	11175253
SRX21064601	ce11	TFs and others	9294136
SRX21064602	ce11	TFs and others	7936231
SRX21064603	ce11	TFs and others	2583721
SRX21064608	ce11	TFs and others	5878468
SRX21064609	ce11	TFs and others	9095654
SRX21064610	ce11	TFs and others	25338318
SRX21064611	ce11	TFs and others	21509217
SRX212235	ce11	TFs and others	12552249
SRX2144165	ce11	Histone	4913051
SRX2144166	ce11	Histone	3651845
SRX2144167	ce11	Histone	5401926
SRX2144168	ce11	Histone	8669264
SRX2144169	ce11	Histone	4267483
SRX2144170	ce11	RNA polymerase	5531968
SRX2144171	ce11	RNA polymerase	9709567
SRX2144172	ce11	RNA polymerase	5477242
SRX2144173	ce11	RNA polymerase	9595716
SRX2144174	ce11	RNA polymerase	4398420
SRX2144175	ce11	Histone	6518497
SRX2144176	ce11	Histone	5032150
SRX2144177	ce11	Histone	5173938
SRX2144178	ce11	Histone	8786701
SRX2144179	ce11	Histone	6820219
SRX2144180	ce11	RNA polymerase	6729731
SRX2144181	ce11	RNA polymerase	8842349
SRX2144182	ce11	RNA polymerase	7550443
SRX2144183	ce11	RNA polymerase	6715360
SRX2144184	ce11	RNA polymerase	5526585
SRX2144190	ce11	Histone	3444666
SRX2144191	ce11	Histone	6821424
SRX2144192	ce11	Histone	2717461
SRX2144193	ce11	Histone	4009970
SRX2144194	ce11	Histone	3823058
SRX2163949	ce11	Histone	41298351
SRX2163950	ce11	Histone	50549812
SRX2170085	ce11	Bisulfite-Seq	326964
SRX21762554	ce11	TFs and others	8682734
SRX21762555	ce11	TFs and others	13829214
SRX21762556	ce11	TFs and others	6195493
SRX21762557	ce11	TFs and others	11531890
SRX21762560	ce11	RNA polymerase	22669304
SRX21762561	ce11	RNA polymerase	18073472
SRX21762562	ce11	RNA polymerase	26006759
SRX21762563	ce11	RNA polymerase	8465221
SRX21762564	ce11	RNA polymerase	7171321
SRX21762565	ce11	RNA polymerase	14774536
SRX21762566	ce11	RNA polymerase	11155204
SRX21804016	ce11	ATAC-Seq	13361761
SRX21804017	ce11	ATAC-Seq	11913759
SRX21804018	ce11	ATAC-Seq	16675512
SRX21804019	ce11	ATAC-Seq	17948282
SRX21804020	ce11	ATAC-Seq	13800295
SRX21804021	ce11	ATAC-Seq	21897656
SRX21804022	ce11	ATAC-Seq	17090101
SRX21804023	ce11	ATAC-Seq	17809067
SRX21804024	ce11	ATAC-Seq	25456261
SRX2202775	ce11	Histone	16937099
SRX2202776	ce11	Histone	16007623
SRX2202779	ce11	TFs and others	20981917
SRX2202780	ce11	TFs and others	19386364
SRX2202781	ce11	TFs and others	22115537
SRX2202782	ce11	TFs and others	23888948
SRX2202783	ce11	TFs and others	20182598
SRX2202784	ce11	TFs and others	23824880
SRX2202785	ce11	TFs and others	22406252
SRX2202786	ce11	TFs and others	19485470
SRX2202787	ce11	TFs and others	20837923
SRX2202788	ce11	TFs and others	24890077
SRX222634	ce11	TFs and others	6220459
SRX222635	ce11	TFs and others	3974082
SRX222638	ce11	TFs and others	7552112
SRX222639	ce11	TFs and others	6976383
SRX222642	ce11	TFs and others	5641350
SRX222643	ce11	TFs and others	6024147
SRX2228847	ce11	TFs and others	20144069
SRX2228848	ce11	TFs and others	23585231
SRX2228849	ce11	TFs and others	8154140
SRX2228850	ce11	TFs and others	10569347
SRX2228851	ce11	TFs and others	5733878
SRX2228852	ce11	TFs and others	8992104
SRX2228853	ce11	TFs and others	5242953
SRX2228854	ce11	TFs and others	5119300
SRX2228855	ce11	TFs and others	6196375
SRX2228856	ce11	TFs and others	10710100
SRX2228857	ce11	TFs and others	11801157
SRX2228858	ce11	TFs and others	12429446
SRX2228859	ce11	TFs and others	12255316
SRX2228860	ce11	TFs and others	15555360
SRX2228861	ce11	TFs and others	9436772
SRX2228862	ce11	TFs and others	30487356
SRX2228863	ce11	TFs and others	11982884
SRX2228864	ce11	TFs and others	10064622
SRX2228865	ce11	TFs and others	18668481
SRX2228866	ce11	Histone	18406714
SRX2228867	ce11	Histone	14827846
SRX2228868	ce11	Histone	7769658
SRX2228869	ce11	Histone	14221404
SRX2228870	ce11	Histone	9142363
SRX2228871	ce11	Histone	18247478
SRX2228872	ce11	Histone	7312239
SRX2228873	ce11	TFs and others	17467837
SRX2228874	ce11	TFs and others	33038431
SRX2228875	ce11	TFs and others	11043257
SRX2228876	ce11	TFs and others	14851943
SRX2228877	ce11	TFs and others	9681803
SRX2228878	ce11	TFs and others	19257180
SRX2228879	ce11	TFs and others	19204008
SRX2228880	ce11	TFs and others	18386343
SRX2228881	ce11	TFs and others	14706632
SRX2228882	ce11	TFs and others	20627992
SRX2228883	ce11	TFs and others	18646407
SRX2228884	ce11	TFs and others	11973503
SRX2228885	ce11	TFs and others	20205412
SRX2228886	ce11	TFs and others	6284733
SRX2228887	ce11	TFs and others	10397250
SRX2228888	ce11	TFs and others	10153262
SRX2228889	ce11	TFs and others	6864509
SRX2228890	ce11	TFs and others	13966004
SRX2228891	ce11	TFs and others	15404718
SRX2228892	ce11	TFs and others	7805545
SRX2249334	ce11	Histone	162820502
SRX2249335	ce11	Histone	53777861
SRX2332995	ce11	ATAC-Seq	26099622
SRX2332996	ce11	ATAC-Seq	36024207
SRX2332997	ce11	ATAC-Seq	44833479
SRX2332998	ce11	ATAC-Seq	22946693
SRX2332999	ce11	ATAC-Seq	29523880
SRX2333000	ce11	ATAC-Seq	21258521
SRX2333001	ce11	ATAC-Seq	21992224
SRX2333002	ce11	ATAC-Seq	43457363
SRX2333003	ce11	ATAC-Seq	49739109
SRX2333004	ce11	ATAC-Seq	31364016
SRX233417	ce11	TFs and others	6560280
SRX233418	ce11	TFs and others	9081688
SRX233441	ce11	TFs and others	5623226
SRX233442	ce11	TFs and others	6158254
SRX233445	ce11	TFs and others	6316368
SRX233446	ce11	TFs and others	7490240
SRX233449	ce11	TFs and others	5725492
SRX233450	ce11	TFs and others	8380457
SRX233453	ce11	TFs and others	7931160
SRX233454	ce11	TFs and others	3043619
SRX233457	ce11	TFs and others	9931760
SRX233458	ce11	TFs and others	9036519
SRX233461	ce11	TFs and others	7035155
SRX233462	ce11	TFs and others	2751348
SRX233695	ce11	TFs and others	6839888
SRX233696	ce11	TFs and others	6721950
SRX234912	ce11	TFs and others	9348157
SRX234913	ce11	TFs and others	7325114
SRX234916	ce11	TFs and others	1318376
SRX234917	ce11	TFs and others	5094897
SRX234920	ce11	TFs and others	4124429
SRX234921	ce11	TFs and others	8505498
SRX234924	ce11	TFs and others	6275526
SRX234925	ce11	TFs and others	6438791
SRX2350718	ce11	Histone	17660826
SRX2350719	ce11	Histone	10290698
SRX2350720	ce11	Histone	14168528
SRX2350721	ce11	Histone	9815437
SRX2350722	ce11	Histone	9424627
SRX2350723	ce11	Histone	15486368
SRX2350724	ce11	Histone	13790395
SRX2350725	ce11	Histone	11321125
SRX2350738	ce11	Histone	12272558
SRX2350739	ce11	Histone	8201532
SRX2350740	ce11	Histone	11618832
SRX2350741	ce11	Histone	10864382
SRX2350742	ce11	Histone	13132196
SRX2350743	ce11	Histone	11940186
SRX2350744	ce11	Histone	10506268
SRX2350745	ce11	Histone	10351924
SRX2350746	ce11	Histone	13170882
SRX2350747	ce11	Histone	11329297
SRX2350748	ce11	Histone	10173885
SRX2350749	ce11	Histone	13747279
SRX2350750	ce11	Histone	10069535
SRX2350751	ce11	Histone	10961380
SRX2350752	ce11	Histone	12454882
SRX2350753	ce11	Histone	9953156
SRX2350754	ce11	Histone	12237325
SRX2350755	ce11	Histone	11427736
SRX2350756	ce11	Histone	12463337
SRX235168	ce11	TFs and others	2961014
SRX235169	ce11	TFs and others	4382589
SRX235172	ce11	TFs and others	8426839
SRX235173	ce11	TFs and others	7870475
SRX2370184	ce11	Histone	7181124
SRX2370185	ce11	Histone	20236840
SRX2370186	ce11	Histone	20098596
SRX23914022	ce11	TFs and others	30603436
SRX23914023	ce11	TFs and others	19677081
SRX23914024	ce11	TFs and others	34275659
SRX23914025	ce11	TFs and others	15969206
SRX245912	ce11	TFs and others	17073633
SRX245913	ce11	TFs and others	17988956
SRX245914	ce11	TFs and others	21734004
SRX245915	ce11	TFs and others	28225540
SRX245916	ce11	TFs and others	25703370
SRX245917	ce11	TFs and others	26558615
SRX246024	ce11	Histone	142888234
SRX246025	ce11	Histone	55841810
SRX246026	ce11	Histone	79541570
SRX246027	ce11	Histone	134468528
SRX246028	ce11	Histone	98247369
SRX246029	ce11	Histone	109996620
SRX246038	ce11	Histone	184789812
SRX25185840	ce11	Histone	37134727
SRX25185841	ce11	Histone	34624652
SRX25185842	ce11	Histone	35483675
SRX25185843	ce11	Histone	34178704
SRX25185848	ce11	Histone	30675869
SRX25185849	ce11	Histone	35291270
SRX25185850	ce11	Histone	35093249
SRX25185851	ce11	Histone	35265419
SRX257640	ce11	TFs and others	25082505
SRX257641	ce11	TFs and others	24186825
SRX257642	ce11	TFs and others	6511216
SRX257643	ce11	TFs and others	8060704
SRX257644	ce11	TFs and others	9699963
SRX257645	ce11	TFs and others	16172133
SRX257646	ce11	TFs and others	18091038
SRX257647	ce11	TFs and others	17594324
SRX257648	ce11	TFs and others	18816016
SRX257649	ce11	TFs and others	15435145
SRX257650	ce11	TFs and others	16562205
SRX257651	ce11	TFs and others	12994743
SRX257652	ce11	TFs and others	19076562
SRX257653	ce11	TFs and others	12762765
SRX257654	ce11	TFs and others	18930018
SRX257655	ce11	TFs and others	8743647
SRX257656	ce11	TFs and others	13761013
SRX257657	ce11	TFs and others	30487356
SRX257658	ce11	TFs and others	11982884
SRX257659	ce11	TFs and others	10064622
SRX257660	ce11	TFs and others	18668481
SRX257661	ce11	TFs and others	9571582
SRX257662	ce11	TFs and others	13944143
SRX2576620	ce11	TFs and others	15742148
SRX2576621	ce11	TFs and others	16135860
SRX2576622	ce11	TFs and others	7584129
SRX2576623	ce11	TFs and others	21385259
SRX2576624	ce11	TFs and others	21023417
SRX2576625	ce11	TFs and others	19452610
SRX2576626	ce11	TFs and others	17606297
SRX2576627	ce11	TFs and others	20246590
SRX2576628	ce11	TFs and others	18751435
SRX2576629	ce11	TFs and others	11761376
SRX257663	ce11	TFs and others	20920487
SRX2576630	ce11	TFs and others	21521044
SRX2576631	ce11	TFs and others	25191947
SRX2576632	ce11	TFs and others	18906900
SRX2576633	ce11	TFs and others	17967710
SRX2576634	ce11	TFs and others	14369137
SRX2576635	ce11	TFs and others	21938757
SRX2576636	ce11	TFs and others	19947557
SRX2576637	ce11	TFs and others	8677034
SRX2576638	ce11	TFs and others	23329304
SRX2576639	ce11	TFs and others	20938902
SRX257664	ce11	TFs and others	16870164
SRX2576640	ce11	TFs and others	17633815
SRX2576641	ce11	TFs and others	21697486
SRX2576642	ce11	TFs and others	20603440
SRX2576643	ce11	TFs and others	18630839
SRX2576644	ce11	TFs and others	18608517
SRX2576645	ce11	TFs and others	19611087
SRX2576646	ce11	TFs and others	18222104
SRX2576647	ce11	TFs and others	20063336
SRX2576648	ce11	TFs and others	20813824
SRX2576649	ce11	TFs and others	19310034
SRX257665	ce11	TFs and others	23318576
SRX2576650	ce11	TFs and others	22612410
SRX2576651	ce11	TFs and others	29253295
SRX2576652	ce11	TFs and others	17866724
SRX2576653	ce11	TFs and others	16703865
SRX2576654	ce11	TFs and others	19580028
SRX2576655	ce11	TFs and others	7854428
SRX2576656	ce11	TFs and others	25014594
SRX2576657	ce11	TFs and others	20456193
SRX257666	ce11	TFs and others	19093970
SRX257667	ce11	TFs and others	21688641
SRX257668	ce11	TFs and others	20216847
SRX257669	ce11	TFs and others	12641662
SRX257670	ce11	TFs and others	11537873
SRX257671	ce11	Histone	9910878
SRX257672	ce11	Histone	22304749
SRX257673	ce11	TFs and others	8314647
SRX257674	ce11	TFs and others	16729386
SRX257675	ce11	TFs and others	60854504
SRX257676	ce11	TFs and others	18394573
SRX257677	ce11	TFs and others	11529650
SRX257678	ce11	TFs and others	6618120
SRX257679	ce11	TFs and others	17440591
SRX257680	ce11	TFs and others	11722131
SRX257681	ce11	TFs and others	12195002
SRX257682	ce11	TFs and others	13687242
SRX257683	ce11	TFs and others	9758087
SRX257684	ce11	TFs and others	14843156
SRX257685	ce11	TFs and others	11492792
SRX257686	ce11	TFs and others	23010900
SRX257687	ce11	TFs and others	17156712
SRX257688	ce11	TFs and others	11235865
SRX2582951	ce11	TFs and others	25336801
SRX2582953	ce11	TFs and others	29930868
SRX2599461	ce11	Histone	24778030
SRX2599462	ce11	Histone	23182877
SRX26012989	ce11	TFs and others	32082780
SRX26012990	ce11	TFs and others	31450575
SRX26012991	ce11	TFs and others	15932286
SRX26012992	ce11	TFs and others	46051718
SRX26012993	ce11	TFs and others	28233654
SRX26012994	ce11	TFs and others	23293657
SRX26012995	ce11	TFs and others	16093205
SRX26012996	ce11	TFs and others	23584290
SRX26012997	ce11	Histone	49589928
SRX26012998	ce11	Histone	31484353
SRX26012999	ce11	Histone	37774579
SRX26013000	ce11	Histone	35952888
SRX26261217	ce11	TFs and others	8507728
SRX26261218	ce11	TFs and others	7699592
SRX26261219	ce11	TFs and others	6864352
SRX26261220	ce11	TFs and others	6749984
SRX26261221	ce11	TFs and others	7380937
SRX26261222	ce11	TFs and others	7248592
SRX26261223	ce11	TFs and others	10009652
SRX26261224	ce11	TFs and others	10210657
SRX26261225	ce11	TFs and others	9805671
SRX26261226	ce11	TFs and others	6301668
SRX26261227	ce11	TFs and others	10161746
SRX26261228	ce11	TFs and others	9679813
SRX26261229	ce11	TFs and others	10234902
SRX26261230	ce11	TFs and others	9779106
SRX26261231	ce11	TFs and others	10355747
SRX26261232	ce11	TFs and others	8619470
SRX26261233	ce11	TFs and others	7450340
SRX26261234	ce11	TFs and others	6582938
SRX26261235	ce11	TFs and others	7731181
SRX26261236	ce11	TFs and others	7209053
SRX26261237	ce11	TFs and others	6124440
SRX26261238	ce11	TFs and others	4933286
SRX26261239	ce11	TFs and others	5702134
SRX26261240	ce11	TFs and others	5080709
SRX2710279	ce11	DNase-seq	53428231
SRX2710280	ce11	DNase-seq	45384331
SRX2710281	ce11	DNase-seq	63135631
SRX2710282	ce11	DNase-seq	34013526
SRX2710283	ce11	DNase-seq	65854207
SRX2710284	ce11	DNase-seq	37102286
SRX2710285	ce11	DNase-seq	27553640
SRX2710286	ce11	DNase-seq	45399853
SRX2710287	ce11	DNase-seq	40067033
SRX2761380	ce11	Histone	8854069
SRX2761381	ce11	Histone	7781222
SRX2761382	ce11	Histone	8215578
SRX2761383	ce11	Histone	9791265
SRX2761384	ce11	Histone	8878603
SRX2761385	ce11	Histone	9606069
SRX276907	ce11	TFs and others	6297341
SRX276908	ce11	TFs and others	8392253
SRX276911	ce11	TFs and others	5494772
SRX276912	ce11	TFs and others	5701972
SRX276915	ce11	TFs and others	6117489
SRX276916	ce11	TFs and others	5850741
SRX276919	ce11	TFs and others	7020938
SRX276920	ce11	TFs and others	5840666
SRX277022	ce11	TFs and others	2681323
SRX277023	ce11	TFs and others	2565237
SRX277026	ce11	TFs and others	2648379
SRX277027	ce11	TFs and others	2951621
SRX277030	ce11	TFs and others	3398916
SRX277031	ce11	TFs and others	3374588
SRX277035	ce11	TFs and others	2592787
SRX277036	ce11	TFs and others	2830328
SRX277039	ce11	TFs and others	5654691
SRX277040	ce11	TFs and others	5169128
SRX277043	ce11	TFs and others	5860340
SRX277044	ce11	TFs and others	4916992
SRX277047	ce11	TFs and others	6286123
SRX277048	ce11	TFs and others	5753554
SRX277051	ce11	TFs and others	6570283
SRX277052	ce11	TFs and others	6797154
SRX277055	ce11	TFs and others	6023075
SRX277056	ce11	TFs and others	5177231
SRX277059	ce11	TFs and others	8299802
SRX277060	ce11	TFs and others	7181787
SRX277063	ce11	TFs and others	5756008
SRX277064	ce11	TFs and others	6086080
SRX277067	ce11	TFs and others	6872898
SRX277068	ce11	TFs and others	7315009
SRX277071	ce11	TFs and others	8531088
SRX277072	ce11	TFs and others	8370704
SRX277075	ce11	TFs and others	7860093
SRX277076	ce11	TFs and others	7572162
SRX277079	ce11	TFs and others	7279156
SRX277080	ce11	TFs and others	6902654
SRX277084	ce11	TFs and others	5460267
SRX277085	ce11	TFs and others	5414839
SRX277088	ce11	TFs and others	7412323
SRX277089	ce11	TFs and others	5741029
SRX277092	ce11	TFs and others	6184224
SRX277093	ce11	TFs and others	6859700
SRX277096	ce11	TFs and others	5338773
SRX277097	ce11	TFs and others	5551777
SRX277100	ce11	TFs and others	7680929
SRX277101	ce11	TFs and others	7487189
SRX277104	ce11	TFs and others	7590261
SRX277105	ce11	TFs and others	7612569
SRX2965733	ce11	TFs and others	47036427
SRX2965734	ce11	TFs and others	70079354
SRX2965735	ce11	TFs and others	45844906
SRX2965736	ce11	TFs and others	71862577
SRX2965737	ce11	TFs and others	49540971
SRX2965738	ce11	TFs and others	81489952
SRX2965739	ce11	TFs and others	54119838
SRX2965740	ce11	TFs and others	50760011
SRX2965741	ce11	Histone	24188927
SRX2965742	ce11	Histone	22743849
SRX2965743	ce11	Histone	45310834
SRX2965744	ce11	Histone	23051447
SRX2965745	ce11	Histone	27801818
SRX2965746	ce11	Histone	35206966
SRX2965747	ce11	Histone	33011896
SRX2965748	ce11	Histone	25229792
SRX2969570	ce11	ATAC-Seq	34279594
SRX2969571	ce11	ATAC-Seq	34363329
SRX2969572	ce11	ATAC-Seq	30977986
SRX2969573	ce11	ATAC-Seq	41403819
SRX2985927	ce11	TFs and others	45543277
SRX2985928	ce11	TFs and others	42454831
SRX2985929	ce11	TFs and others	73178255
SRX2985930	ce11	TFs and others	53040099
SRX3008765	ce11	Histone	41940504
SRX3008766	ce11	Histone	60530886
SRX3008767	ce11	Histone	45228743
SRX3008768	ce11	Histone	42721018
SRX3008769	ce11	Histone	42913454
SRX3008770	ce11	Histone	40235808
SRX3008771	ce11	Histone	44815642
SRX3008772	ce11	Histone	39732741
SRX3029121	ce11	ATAC-Seq	15580944
SRX3029122	ce11	ATAC-Seq	28757519
SRX3029123	ce11	ATAC-Seq	29483489
SRX3029124	ce11	ATAC-Seq	61195528
SRX3029125	ce11	ATAC-Seq	54995702
SRX3029126	ce11	ATAC-Seq	43459436
SRX3029127	ce11	ATAC-Seq	27055709
SRX3029128	ce11	ATAC-Seq	67029433
SRX3029129	ce11	ATAC-Seq	65633087
SRX3029130	ce11	ATAC-Seq	49621886
SRX3029131	ce11	ATAC-Seq	50527041
SRX3029132	ce11	ATAC-Seq	24717131
SRX3029134	ce11	ATAC-Seq	53096677
SRX3029135	ce11	ATAC-Seq	41375988
SRX3043399	ce11	Histone	9470321
SRX3043400	ce11	Histone	8650033
SRX3043401	ce11	Histone	12066082
SRX3043402	ce11	Histone	7667127
SRX3043403	ce11	Histone	9419509
SRX3043404	ce11	Histone	11272212
SRX3043405	ce11	Histone	20483491
SRX3043406	ce11	Histone	13123452
SRX3043407	ce11	Histone	17069793
SRX3043408	ce11	Histone	23231060
SRX3043409	ce11	Histone	11528619
SRX3043410	ce11	Histone	17754014
SRX3043417	ce11	Histone	41967833
SRX3043418	ce11	Histone	25911671
SRX3043419	ce11	Histone	40986154
SRX3043420	ce11	Histone	23685998
SRX3058057	ce11	TFs and others	26026647
SRX3058058	ce11	TFs and others	17819829
SRX312079	ce11	TFs and others	6913957
SRX312080	ce11	TFs and others	14572174
SRX312081	ce11	TFs and others	7916550
SRX3141082	ce11	ATAC-Seq	86746540
SRX3141083	ce11	ATAC-Seq	62163267
SRX3180771	ce11	Histone	23002793
SRX3180772	ce11	Histone	9472625
SRX3180773	ce11	Histone	12009636
SRX3180774	ce11	Histone	11006715
SRX3180775	ce11	Histone	17002312
SRX3180776	ce11	Histone	18134381
SRX3180777	ce11	Histone	15907059
SRX3180778	ce11	Histone	20986887
SRX3180779	ce11	Histone	17772057
SRX3180780	ce11	Histone	13155389
SRX3180781	ce11	RNA polymerase	8410553
SRX3180782	ce11	RNA polymerase	5376589
SRX3180783	ce11	Histone	10288657
SRX3180784	ce11	Histone	5404359
SRX3180785	ce11	Histone	11621086
SRX3180786	ce11	Histone	9411386
SRX3180787	ce11	Histone	11038916
SRX3180788	ce11	Histone	11197990
SRX3180789	ce11	Histone	9888659
SRX3180790	ce11	Histone	13244524
SRX3180791	ce11	Histone	9968393
SRX3180792	ce11	Histone	7903471
SRX3180793	ce11	RNA polymerase	7101304
SRX3180794	ce11	RNA polymerase	2440123
SRX3180795	ce11	Histone	14879645
SRX3180796	ce11	Histone	11487554
SRX3180797	ce11	Histone	17796426
SRX3180798	ce11	Histone	16767409
SRX3180799	ce11	Histone	13626901
SRX3180800	ce11	Histone	16836975
SRX3180801	ce11	Histone	16071294
SRX3180802	ce11	Histone	18304315
SRX3180803	ce11	Histone	13088078
SRX3180804	ce11	Histone	8909134
SRX3180805	ce11	RNA polymerase	16493597
SRX3180806	ce11	RNA polymerase	25694599
SRX3180807	ce11	Histone	8458867
SRX3180808	ce11	Histone	11623275
SRX3180809	ce11	Histone	11942106
SRX3180810	ce11	Histone	17572071
SRX3180811	ce11	Histone	19433722
SRX3180812	ce11	Histone	15659275
SRX3180813	ce11	Histone	15765933
SRX3180814	ce11	Histone	20542845
SRX3180815	ce11	Histone	16520659
SRX3180816	ce11	Histone	15558370
SRX3180817	ce11	RNA polymerase	6362102
SRX3180818	ce11	RNA polymerase	7955293
SRX3180819	ce11	Histone	10732956
SRX3180820	ce11	Histone	13138723
SRX3180821	ce11	Histone	15074534
SRX3180822	ce11	Histone	16612327
SRX3180823	ce11	Histone	9583300
SRX3180824	ce11	Histone	7645090
SRX3180825	ce11	Histone	9579446
SRX3180826	ce11	Histone	14784189
SRX3180827	ce11	Histone	9420713
SRX3180828	ce11	Histone	10881330
SRX3180829	ce11	RNA polymerase	18385985
SRX3180830	ce11	RNA polymerase	32694956
SRX323677	ce11	TFs and others	9253546
SRX323678	ce11	TFs and others	7892613
SRX323680	ce11	TFs and others	13374012
SRX323682	ce11	TFs and others	12427841
SRX323683	ce11	TFs and others	13687820
SRX323684	ce11	TFs and others	12637986
SRX323686	ce11	TFs and others	8590397
SRX323688	ce11	TFs and others	19710753
SRX323689	ce11	TFs and others	12417163
SRX323690	ce11	TFs and others	12803328
SRX330983	ce11	TFs and others	20024866
SRX330984	ce11	TFs and others	7074941
SRX330985	ce11	TFs and others	12676608
SRX330986	ce11	TFs and others	13785217
SRX331042	ce11	TFs and others	2876498
SRX331044	ce11	TFs and others	2700823
SRX331046	ce11	TFs and others	4768869
SRX331048	ce11	TFs and others	3979796
SRX331050	ce11	TFs and others	5008664
SRX331052	ce11	TFs and others	3136556
SRX331054	ce11	TFs and others	5218214
SRX331056	ce11	TFs and others	9402890
SRX331058	ce11	TFs and others	1735677
SRX331060	ce11	TFs and others	1781884
SRX331062	ce11	TFs and others	3030633
SRX331064	ce11	TFs and others	3773715
SRX331066	ce11	TFs and others	5918156
SRX331068	ce11	TFs and others	4183134
SRX331070	ce11	TFs and others	7199430
SRX331072	ce11	TFs and others	2451415
SRX331074	ce11	TFs and others	8389667
SRX331076	ce11	TFs and others	5508567
SRX331078	ce11	TFs and others	6970086
SRX331080	ce11	TFs and others	11751645
SRX331082	ce11	TFs and others	6016478
SRX331084	ce11	TFs and others	4663656
SRX331086	ce11	TFs and others	4076275
SRX331088	ce11	TFs and others	10792562
SRX331090	ce11	TFs and others	4292701
SRX331092	ce11	TFs and others	8054469
SRX331094	ce11	TFs and others	6334902
SRX331096	ce11	TFs and others	5469126
SRX331098	ce11	TFs and others	9300667
SRX331100	ce11	TFs and others	8220288
SRX331102	ce11	TFs and others	3584351
SRX331104	ce11	TFs and others	8535583
SRX331106	ce11	TFs and others	6678742
SRX331108	ce11	TFs and others	7682609
SRX331110	ce11	TFs and others	7295150
SRX331112	ce11	TFs and others	7291956
SRX331114	ce11	TFs and others	4764680
SRX331116	ce11	TFs and others	3689890
SRX331118	ce11	TFs and others	8476444
SRX331120	ce11	TFs and others	1856824
SRX331122	ce11	TFs and others	8185007
SRX331124	ce11	TFs and others	6363961
SRX331126	ce11	TFs and others	6569351
SRX331128	ce11	TFs and others	7622403
SRX331130	ce11	TFs and others	5529337
SRX331132	ce11	TFs and others	5077334
SRX331134	ce11	TFs and others	4294213
SRX331136	ce11	TFs and others	6142831
SRX331138	ce11	TFs and others	9630327
SRX331140	ce11	TFs and others	2201448
SRX331142	ce11	TFs and others	2541302
SRX331144	ce11	TFs and others	5840271
SRX331146	ce11	TFs and others	5936673
SRX331148	ce11	TFs and others	5485338
SRX331150	ce11	TFs and others	6147122
SRX331152	ce11	TFs and others	2574869
SRX331154	ce11	TFs and others	3079619
SRX331156	ce11	TFs and others	5565276
SRX331158	ce11	TFs and others	3526794
SRX331160	ce11	TFs and others	6332462
SRX331162	ce11	TFs and others	3940365
SRX331164	ce11	TFs and others	3204493
SRX331166	ce11	TFs and others	5062929
SRX331168	ce11	TFs and others	4880791
SRX331170	ce11	TFs and others	9164852
SRX331172	ce11	TFs and others	8980981
SRX331174	ce11	TFs and others	7546344
SRX331176	ce11	TFs and others	4026103
SRX331178	ce11	TFs and others	6450919
SRX331180	ce11	TFs and others	6838539
SRX331182	ce11	TFs and others	8202913
SRX331184	ce11	TFs and others	5886071
SRX331186	ce11	TFs and others	8042136
SRX331188	ce11	TFs and others	7928979
SRX331190	ce11	TFs and others	5787933
SRX331192	ce11	TFs and others	7337628
SRX331194	ce11	TFs and others	7460381
SRX331196	ce11	TFs and others	7354875
SRX331198	ce11	TFs and others	8375307
SRX331200	ce11	TFs and others	7436656
SRX331202	ce11	TFs and others	8809343
SRX331204	ce11	TFs and others	7997830
SRX331206	ce11	TFs and others	8379896
SRX331208	ce11	TFs and others	6507231
SRX331210	ce11	TFs and others	7609412
SRX331212	ce11	TFs and others	7220126
SRX331214	ce11	TFs and others	6444449
SRX331216	ce11	TFs and others	7166123
SRX331218	ce11	TFs and others	7546709
SRX331220	ce11	TFs and others	7462071
SRX331222	ce11	TFs and others	8904727
SRX331224	ce11	TFs and others	7342927
SRX331226	ce11	TFs and others	8214334
SRX331228	ce11	TFs and others	7646519
SRX331230	ce11	TFs and others	8243027
SRX331232	ce11	TFs and others	7203889
SRX331234	ce11	TFs and others	7921729
SRX331236	ce11	TFs and others	5890491
SRX331238	ce11	TFs and others	7182298
SRX331240	ce11	TFs and others	4761148
SRX331242	ce11	TFs and others	3815829
SRX331244	ce11	TFs and others	7439152
SRX331246	ce11	TFs and others	5684956
SRX331248	ce11	TFs and others	5744936
SRX331250	ce11	TFs and others	7662619
SRX331252	ce11	TFs and others	5767192
SRX331254	ce11	TFs and others	4987057
SRX331256	ce11	TFs and others	1679751
SRX331258	ce11	TFs and others	7909714
SRX331260	ce11	TFs and others	8102787
SRX331262	ce11	TFs and others	6399484
SRX331264	ce11	TFs and others	5470538
SRX331266	ce11	TFs and others	5635785
SRX331268	ce11	RNA polymerase	6288278
SRX331270	ce11	RNA polymerase	7159638
SRX331272	ce11	TFs and others	8199658
SRX331274	ce11	TFs and others	4872531
SRX331276	ce11	TFs and others	2765073
SRX331278	ce11	TFs and others	7234191
SRX331280	ce11	TFs and others	4589095
SRX331282	ce11	TFs and others	3963227
SRX331284	ce11	TFs and others	3314139
SRX331286	ce11	TFs and others	6289761
SRX331288	ce11	TFs and others	6220390
SRX331290	ce11	TFs and others	6532383
SRX331292	ce11	TFs and others	5829983
SRX331294	ce11	TFs and others	6520157
SRX331296	ce11	TFs and others	7443885
SRX331298	ce11	TFs and others	2309911
SRX331300	ce11	TFs and others	3101176
SRX331302	ce11	TFs and others	6586947
SRX331304	ce11	TFs and others	7603807
SRX331306	ce11	TFs and others	4033711
SRX331308	ce11	TFs and others	2555624
SRX331310	ce11	TFs and others	3243937
SRX331312	ce11	TFs and others	2625177
SRX331314	ce11	TFs and others	3942107
SRX331316	ce11	TFs and others	3012445
SRX331318	ce11	TFs and others	3566568
SRX331320	ce11	TFs and others	4321007
SRX331322	ce11	TFs and others	6488610
SRX331324	ce11	TFs and others	4098925
SRX331326	ce11	TFs and others	6899874
SRX331328	ce11	TFs and others	5605956
SRX331330	ce11	TFs and others	2303347
SRX331332	ce11	TFs and others	4833160
SRX331335	ce11	Histone	12236336
SRX331336	ce11	Histone	9464299
SRX331340	ce11	Histone	22299748
SRX331343	ce11	TFs and others	16994712
SRX331344	ce11	TFs and others	30577412
SRX331347	ce11	Histone	21734629
SRX331348	ce11	Histone	13598392
SRX331351	ce11	Histone	26834022
SRX331352	ce11	Histone	25432513
SRX331355	ce11	TFs and others	13914899
SRX331356	ce11	TFs and others	12716387
SRX331363	ce11	Histone	13468938
SRX331364	ce11	Histone	20479825
SRX335101	ce11	TFs and others	13765284
SRX335102	ce11	TFs and others	10418283
SRX335103	ce11	Histone	11499142
SRX335104	ce11	Histone	10309088
SRX3411419	ce11	TFs and others	3411246
SRX3411420	ce11	TFs and others	3952910
SRX3411421	ce11	TFs and others	6772794
SRX341784	ce11	TFs and others	10834267
SRX341785	ce11	TFs and others	17755494
SRX341786	ce11	TFs and others	13505880
SRX341787	ce11	TFs and others	17389010
SRX341788	ce11	Histone	20555672
SRX341789	ce11	Histone	17380069
SRX3583334	ce11	Histone	41569262
SRX3583335	ce11	Histone	36795442
SRX3583336	ce11	Histone	38739324
SRX3583337	ce11	Histone	40124136
SRX3583338	ce11	Histone	42230977
SRX3583339	ce11	Histone	41524876
SRX3583340	ce11	Histone	33757140
SRX3583341	ce11	Histone	32777421
SRX3583342	ce11	Histone	32930092
SRX3583343	ce11	Histone	32500265
SRX3583344	ce11	Histone	39684890
SRX3583345	ce11	Histone	43168615
SRX3583346	ce11	Histone	37460851
SRX3583347	ce11	Histone	38102325
SRX3583348	ce11	Histone	43843727
SRX3583349	ce11	Histone	39347896
SRX3583350	ce11	Histone	36456787
SRX3583351	ce11	Histone	33663924
SRX3583352	ce11	Histone	34339953
SRX3583353	ce11	Histone	33116848
SRX373265	ce11	TFs and others	16825846
SRX373266	ce11	TFs and others	18184450
SRX373267	ce11	TFs and others	17041594
SRX373268	ce11	TFs and others	16438653
SRX373269	ce11	TFs and others	6517898
SRX373270	ce11	TFs and others	20161513
SRX373271	ce11	TFs and others	18870642
SRX373277	ce11	TFs and others	19946188
SRX3733151	ce11	TFs and others	43231688
SRX3733152	ce11	TFs and others	35816431
SRX3733153	ce11	TFs and others	28529693
SRX3733154	ce11	TFs and others	26843545
SRX3733155	ce11	TFs and others	23736589
SRX3733156	ce11	TFs and others	25826866
SRX3733157	ce11	TFs and others	37064952
SRX3733158	ce11	TFs and others	46643726
SRX3733159	ce11	TFs and others	46942664
SRX3733160	ce11	TFs and others	27439278
SRX3733161	ce11	TFs and others	29694149
SRX3733162	ce11	TFs and others	32895075
SRX3923759	ce11	TFs and others	64808971
SRX3923760	ce11	TFs and others	70025667
SRX3923761	ce11	TFs and others	58525121
SRX3923762	ce11	TFs and others	71485065
SRX3942553	ce11	Histone	16348560
SRX3942554	ce11	Histone	17233149
SRX3942555	ce11	Histone	21320060
SRX3942556	ce11	Histone	14716059
SRX3942557	ce11	Histone	17425224
SRX3942558	ce11	Histone	16902415
SRX395521	ce11	TFs and others	15559478
SRX395522	ce11	TFs and others	11621148
SRX395523	ce11	TFs and others	6033804
SRX395524	ce11	TFs and others	11343538
SRX395525	ce11	TFs and others	11436310
SRX395526	ce11	TFs and others	13603658
SRX395527	ce11	TFs and others	10578501
SRX395528	ce11	TFs and others	13791086
SRX395529	ce11	TFs and others	8963759
SRX395530	ce11	TFs and others	8344001
SRX395531	ce11	RNA polymerase	19353070
SRX395532	ce11	RNA polymerase	12817241
SRX4012474	ce11	Histone	36173858
SRX4012476	ce11	Histone	32420082
SRX4012478	ce11	Histone	40879283
SRX4012480	ce11	Histone	37002202
SRX4029336	ce11	ATAC-Seq	24327078
SRX4029337	ce11	ATAC-Seq	16157449
SRX4029338	ce11	ATAC-Seq	14720669
SRX4082334	ce11	Histone	14123310
SRX4082335	ce11	Histone	19108035
SRX4082336	ce11	Histone	14229371
SRX4082337	ce11	Histone	29109017
SRX4082338	ce11	Histone	14310994
SRX4082339	ce11	Histone	18773563
SRX4082340	ce11	Histone	23845675
SRX4082341	ce11	Histone	15407052
SRX4082342	ce11	Histone	20737442
SRX4082343	ce11	Histone	19830957
SRX4082344	ce11	Histone	16780662
SRX4082345	ce11	Histone	13970385
SRX4082346	ce11	Histone	12247529
SRX4082347	ce11	Histone	13936847
SRX4082348	ce11	Histone	12002611
SRX4082349	ce11	Histone	8409656
SRX4082350	ce11	Histone	13103423
SRX4082351	ce11	Histone	17334172
SRX4082352	ce11	Histone	14054183
SRX4082353	ce11	Histone	10874584
SRX4082354	ce11	Histone	26760587
SRX4082355	ce11	Histone	18302227
SRX4082356	ce11	Histone	19907659
SRX4082357	ce11	Histone	11907573
SRX4082358	ce11	Histone	14511367
SRX4082359	ce11	Histone	12081024
SRX4082360	ce11	Histone	13268521
SRX4082361	ce11	Histone	18785774
SRX4082362	ce11	Histone	11699193
SRX4082363	ce11	Histone	18559199
SRX4082364	ce11	Histone	32928597
SRX4082365	ce11	Histone	14756742
SRX4082366	ce11	Histone	12616786
SRX4082367	ce11	Histone	8069989
SRX4082368	ce11	Histone	14888088
SRX4082369	ce11	Histone	15954721
SRX4082370	ce11	Histone	12607152
SRX4082371	ce11	Histone	11730132
SRX4082372	ce11	Histone	12482146
SRX4082373	ce11	Histone	16654594
SRX4082374	ce11	Histone	11738901
SRX4082375	ce11	Histone	19591062
SRX4082376	ce11	Histone	6486000
SRX4082377	ce11	Histone	4476267
SRX4082378	ce11	Histone	17374970
SRX4082379	ce11	Histone	20054326
SRX4082380	ce11	Histone	13251486
SRX4082381	ce11	Histone	12919188
SRX4082382	ce11	ATAC-Seq	58415047
SRX4082383	ce11	ATAC-Seq	44471527
SRX4082384	ce11	ATAC-Seq	32468957
SRX4082385	ce11	ATAC-Seq	37414145
SRX4082386	ce11	ATAC-Seq	29366005
SRX4082387	ce11	ATAC-Seq	70329171
SRX4082388	ce11	ATAC-Seq	48530840
SRX4082389	ce11	ATAC-Seq	65190599
SRX4082390	ce11	ATAC-Seq	68043985
SRX4082391	ce11	ATAC-Seq	82365686
SRX4082392	ce11	ATAC-Seq	100971998
SRX4082393	ce11	ATAC-Seq	79358678
SRX4082394	ce11	ATAC-Seq	36672575
SRX4082395	ce11	ATAC-Seq	55644509
SRX4082396	ce11	ATAC-Seq	42803340
SRX4082397	ce11	ATAC-Seq	39099808
SRX4082398	ce11	ATAC-Seq	62019092
SRX4082399	ce11	ATAC-Seq	155945446
SRX4082400	ce11	ATAC-Seq	58396210
SRX4082401	ce11	ATAC-Seq	216855011
SRX4082402	ce11	ATAC-Seq	287144898
SRX4082403	ce11	ATAC-Seq	334907090
SRX4085338	ce11	DNase-seq	31421314
SRX4085339	ce11	DNase-seq	26268412
SRX4085340	ce11	DNase-seq	34958879
SRX4085341	ce11	DNase-seq	26582614
SRX4085342	ce11	DNase-seq	26880650
SRX4085343	ce11	DNase-seq	22476535
SRX4085344	ce11	DNase-seq	15586363
SRX4085345	ce11	DNase-seq	92223868
SRX4085346	ce11	DNase-seq	38342925
SRX4085347	ce11	DNase-seq	24577688
SRX4085348	ce11	DNase-seq	15383484
SRX4085349	ce11	DNase-seq	36867961
SRX4085350	ce11	DNase-seq	64691051
SRX4085351	ce11	DNase-seq	21977351
SRX4085352	ce11	DNase-seq	72753924
SRX4085353	ce11	DNase-seq	56107690
SRX4085354	ce11	DNase-seq	40640884
SRX4085355	ce11	DNase-seq	33188741
SRX4085356	ce11	DNase-seq	12039430
SRX4085357	ce11	DNase-seq	19379584
SRX4085358	ce11	DNase-seq	24365244
SRX4085359	ce11	DNase-seq	31585738
SRX4085360	ce11	DNase-seq	19703192
SRX4085361	ce11	DNase-seq	37368195
SRX4085362	ce11	DNase-seq	17406003
SRX4085363	ce11	DNase-seq	13503380
SRX4085364	ce11	DNase-seq	13229488
SRX4085365	ce11	DNase-seq	38347298
SRX4085366	ce11	DNase-seq	25802778
SRX4085367	ce11	DNase-seq	30806701
SRX4085368	ce11	DNase-seq	23665306
SRX4085369	ce11	DNase-seq	20071556
SRX4085370	ce11	DNase-seq	21514033
SRX4085371	ce11	DNase-seq	14631211
SRX4085372	ce11	DNase-seq	14357347
SRX4085373	ce11	DNase-seq	13330407
SRX4085374	ce11	DNase-seq	15348796
SRX4085375	ce11	DNase-seq	16321821
SRX4085376	ce11	DNase-seq	17630602
SRX4085377	ce11	DNase-seq	16124294
SRX4085378	ce11	DNase-seq	24712379
SRX4085379	ce11	DNase-seq	15617541
SRX4085380	ce11	DNase-seq	12502185
SRX4085381	ce11	DNase-seq	12127763
SRX4085382	ce11	DNase-seq	9786578
SRX4085383	ce11	DNase-seq	23444682
SRX4085384	ce11	DNase-seq	17580922
SRX4085385	ce11	DNase-seq	23416339
SRX4085386	ce11	DNase-seq	20259317
SRX4085387	ce11	DNase-seq	16752074
SRX4085388	ce11	DNase-seq	14999107
SRX4085389	ce11	DNase-seq	17707544
SRX4085390	ce11	DNase-seq	15430972
SRX4085391	ce11	DNase-seq	11256736
SRX4085392	ce11	DNase-seq	28117009
SRX4085393	ce11	DNase-seq	29930971
SRX4085394	ce11	DNase-seq	37931177
SRX4085395	ce11	DNase-seq	44130800
SRX4085396	ce11	DNase-seq	37815683
SRX4085397	ce11	DNase-seq	37938920
SRX4085398	ce11	DNase-seq	38357635
SRX4085399	ce11	DNase-seq	32931163
SRX4085400	ce11	DNase-seq	45810613
SRX4085401	ce11	DNase-seq	21354776
SRX4085402	ce11	DNase-seq	9862121
SRX4085403	ce11	DNase-seq	85721229
SRX4085404	ce11	DNase-seq	82483409
SRX4085405	ce11	DNase-seq	19278998
SRX4085406	ce11	DNase-seq	41433735
SRX4085407	ce11	DNase-seq	11435094
SRX4085408	ce11	DNase-seq	44324711
SRX4085409	ce11	DNase-seq	6110196
SRX4085410	ce11	DNase-seq	20844202
SRX4085411	ce11	DNase-seq	23049643
SRX4085412	ce11	DNase-seq	21947298
SRX4085413	ce11	DNase-seq	18770721
SRX4085414	ce11	DNase-seq	15304005
SRX4085415	ce11	DNase-seq	14884254
SRX4085416	ce11	DNase-seq	13804034
SRX4085417	ce11	DNase-seq	14395633
SRX4085418	ce11	DNase-seq	21026682
SRX4085419	ce11	DNase-seq	19006442
SRX4085420	ce11	DNase-seq	19662544
SRX4085421	ce11	DNase-seq	17365888
SRX4085422	ce11	DNase-seq	15275286
SRX4085423	ce11	DNase-seq	14065771
SRX4085424	ce11	DNase-seq	13497903
SRX4085425	ce11	DNase-seq	10971740
SRX4085426	ce11	DNase-seq	13417697
SRX4085427	ce11	DNase-seq	31721561
SRX4085428	ce11	DNase-seq	22413526
SRX4085429	ce11	DNase-seq	25946572
SRX4085430	ce11	DNase-seq	16787610
SRX4085431	ce11	DNase-seq	37159439
SRX4085432	ce11	DNase-seq	8102108
SRX4085433	ce11	DNase-seq	5047183
SRX4085434	ce11	DNase-seq	49445082
SRX4085435	ce11	DNase-seq	25917677
SRX4085436	ce11	DNase-seq	24333421
SRX4085437	ce11	DNase-seq	27216896
SRX4085438	ce11	DNase-seq	21680904
SRX4085439	ce11	DNase-seq	20859226
SRX4085440	ce11	DNase-seq	26010822
SRX4085441	ce11	DNase-seq	14155206
SRX4085442	ce11	DNase-seq	16165751
SRX4085443	ce11	DNase-seq	12951894
SRX4107862	ce11	Histone	14109239
SRX4107863	ce11	Histone	13293366
SRX4107864	ce11	Histone	14715159
SRX4107865	ce11	Histone	19322666
SRX4107866	ce11	Histone	15061539
SRX4107867	ce11	Histone	16335185
SRX4107868	ce11	TFs and others	15963054
SRX4107869	ce11	TFs and others	17452600
SRX4107870	ce11	TFs and others	14686336
SRX4107871	ce11	TFs and others	21333763
SRX4107872	ce11	TFs and others	19454218
SRX4107873	ce11	TFs and others	19084797
SRX4107874	ce11	TFs and others	18605029
SRX4107875	ce11	TFs and others	19402523
SRX4107876	ce11	TFs and others	16470012
SRX4107877	ce11	TFs and others	16364174
SRX4190891	ce11	Histone	24740702
SRX4190892	ce11	Histone	11289977
SRX4190895	ce11	Histone	31134909
SRX4190896	ce11	Histone	8541515
SRX4194184	ce11	Histone	29561205
SRX4194185	ce11	Histone	20260125
SRX4194186	ce11	Histone	23468821
SRX4194188	ce11	Histone	19251871
SRX4194190	ce11	Histone	21298561
SRX4194191	ce11	Histone	21960027
SRX4194193	ce11	Histone	22727964
SRX4194194	ce11	Histone	24843044
SRX4194196	ce11	Histone	17268138
SRX4194197	ce11	Histone	23302630
SRX4194198	ce11	Histone	25352525
SRX4194199	ce11	Histone	27321593
SRX4194200	ce11	Histone	19691430
SRX4194201	ce11	Histone	27646338
SRX4194202	ce11	Histone	24211924
SRX4194203	ce11	Histone	23615037
SRX4194204	ce11	Histone	22457947
SRX4194205	ce11	Histone	24750406
SRX4200528	ce11	Histone	41636318
SRX4200529	ce11	Histone	33988202
SRX4200530	ce11	Histone	24414932
SRX4200531	ce11	Histone	11147180
SRX4200532	ce11	Histone	38575975
SRX4200533	ce11	Histone	32258420
SRX4200534	ce11	Histone	18300137
SRX4200535	ce11	Histone	13436699
SRX4200536	ce11	Histone	12155564
SRX4200537	ce11	Histone	33370283
SRX4200538	ce11	Histone	30593783
SRX4200539	ce11	Histone	29014519
SRX4200540	ce11	Histone	24948630
SRX4419808	ce11	Histone	185689324
SRX4419810	ce11	Histone	143817267
SRX4419812	ce11	TFs and others	144240600
SRX4419814	ce11	TFs and others	74934890
SRX4419818	ce11	Histone	24333505
SRX4419820	ce11	Histone	24685558
SRX4419822	ce11	Histone	40708890
SRX4419824	ce11	Histone	86263517
SRX4419828	ce11	Histone	49095867
SRX4419830	ce11	Histone	43579053
SRX4626826	ce11	TFs and others	13986632
SRX4626827	ce11	TFs and others	10857527
SRX4626828	ce11	TFs and others	13643898
SRX4626829	ce11	TFs and others	11017364
SRX4626830	ce11	TFs and others	13892491
SRX4626831	ce11	TFs and others	9161960
SRX4626832	ce11	TFs and others	18523257
SRX4626833	ce11	TFs and others	13386168
SRX4626834	ce11	TFs and others	15303144
SRX4626835	ce11	TFs and others	12433035
SRX4626836	ce11	TFs and others	16699074
SRX4626837	ce11	TFs and others	12020472
SRX4626838	ce11	TFs and others	17035752
SRX4626839	ce11	TFs and others	12743671
SRX463082	ce11	Histone	8602844
SRX463083	ce11	Histone	27166289
SRX466457	ce11	Histone	21748232
SRX466458	ce11	Histone	34284849
SRX466461	ce11	Histone	24725094
SRX466462	ce11	Histone	18196513
SRX466465	ce11	Histone	6476796
SRX466466	ce11	Histone	11803024
SRX466469	ce11	Histone	38123596
SRX466470	ce11	Histone	3514477
SRX466473	ce11	Histone	10041623
SRX466474	ce11	Histone	16986480
SRX466477	ce11	Histone	10890345
SRX466478	ce11	Histone	24825986
SRX466481	ce11	Histone	19609564
SRX466482	ce11	Histone	13823502
SRX466485	ce11	Histone	13254411
SRX466486	ce11	Histone	15961902
SRX466489	ce11	Histone	34986228
SRX466490	ce11	Histone	31312856
SRX466493	ce11	Histone	12795015
SRX466494	ce11	Histone	5349280
SRX466497	ce11	Histone	31990085
SRX466498	ce11	Histone	34080196
SRX466501	ce11	Histone	15082416
SRX466502	ce11	Histone	11726087
SRX466505	ce11	Histone	16287635
SRX466506	ce11	Histone	18302243
SRX466509	ce11	Histone	15773092
SRX466510	ce11	Histone	12970684
SRX466513	ce11	Histone	11256944
SRX466514	ce11	Histone	10074435
SRX466517	ce11	Histone	6078767
SRX466518	ce11	Histone	12779464
SRX466521	ce11	Histone	16298836
SRX466522	ce11	Histone	10244663
SRX466525	ce11	Histone	14151570
SRX466526	ce11	Histone	13375373
SRX466529	ce11	Histone	13475705
SRX466530	ce11	Histone	16533626
SRX466533	ce11	Histone	14305495
SRX466534	ce11	Histone	16090826
SRX466537	ce11	Histone	13465976
SRX466538	ce11	Histone	13807720
SRX466541	ce11	Histone	9182496
SRX466542	ce11	Histone	9402304
SRX466545	ce11	Histone	6591370
SRX466546	ce11	Histone	8486964
SRX466549	ce11	Histone	7637125
SRX466550	ce11	Histone	13183810
SRX466553	ce11	Histone	6508319
SRX466554	ce11	Histone	12255160
SRX466557	ce11	Histone	10739261
SRX466558	ce11	Histone	14156918
SRX466561	ce11	Histone	9124083
SRX466562	ce11	Histone	15485332
SRX466565	ce11	TFs and others	10136067
SRX466566	ce11	TFs and others	14236000
SRX466568	ce11	TFs and others	20261247
SRX466571	ce11	TFs and others	23677270
SRX466572	ce11	TFs and others	25850275
SRX466575	ce11	TFs and others	29778468
SRX466576	ce11	TFs and others	22369021
SRX466579	ce11	TFs and others	35457974
SRX466580	ce11	TFs and others	10275943
SRX466583	ce11	TFs and others	23248090
SRX466584	ce11	TFs and others	19796325
SRX466587	ce11	TFs and others	19637039
SRX466588	ce11	TFs and others	8287219
SRX467092	ce11	TFs and others	6478023
SRX467094	ce11	TFs and others	3289633
SRX467177	ce11	TFs and others	8886714
SRX467179	ce11	TFs and others	7588464
SRX494821	ce11	TFs and others	16864948
SRX494822	ce11	TFs and others	16560194
SRX494825	ce11	TFs and others	14341533
SRX494826	ce11	TFs and others	16052001
SRX494830	ce11	TFs and others	28506467
SRX494831	ce11	TFs and others	27717782
SRX494834	ce11	Histone	28363255
SRX494835	ce11	Histone	23497136
SRX494838	ce11	Histone	33596184
SRX494839	ce11	Histone	21381473
SRX494842	ce11	Histone	7317351
SRX494843	ce11	Histone	15611842
SRX494846	ce11	Histone	12714648
SRX494847	ce11	Histone	10356561
SRX494850	ce11	Histone	18128454
SRX494851	ce11	Histone	15350886
SRX494854	ce11	Histone	8666051
SRX494855	ce11	Histone	15764051
SRX494858	ce11	Histone	25269306
SRX494859	ce11	Histone	17661015
SRX494861	ce11	TFs and others	21027748
SRX494864	ce11	TFs and others	69236731
SRX494867	ce11	TFs and others	25639516
SRX494868	ce11	TFs and others	20687604
SRX494870	ce11	TFs and others	29910991
SRX494873	ce11	TFs and others	13609530
SRX494874	ce11	TFs and others	17698930
SRX494877	ce11	TFs and others	17837914
SRX494880	ce11	TFs and others	22666423
SRX494881	ce11	TFs and others	25924428
SRX494884	ce11	TFs and others	37576402
SRX494885	ce11	TFs and others	27049335
SRX494887	ce11	TFs and others	17172096
SRX494889	ce11	TFs and others	21899585
SRX494892	ce11	TFs and others	14642022
SRX494893	ce11	TFs and others	17571930
SRX494896	ce11	TFs and others	45330527
SRX494897	ce11	TFs and others	19681495
SRX494900	ce11	TFs and others	16259739
SRX494901	ce11	TFs and others	14242272
SRX494904	ce11	TFs and others	26790193
SRX494905	ce11	TFs and others	32920832
SRX494908	ce11	TFs and others	44266107
SRX494909	ce11	TFs and others	24216614
SRX494912	ce11	TFs and others	9596946
SRX494913	ce11	TFs and others	29666016
SRX494916	ce11	TFs and others	26877758
SRX494917	ce11	TFs and others	27822469
SRX494920	ce11	TFs and others	36072847
SRX494921	ce11	TFs and others	31980836
SRX494923	ce11	TFs and others	21771760
SRX494926	ce11	TFs and others	33753219
SRX494929	ce11	Histone	26129426
SRX494930	ce11	Histone	23523716
SRX494933	ce11	Histone	23357879
SRX494934	ce11	Histone	26578904
SRX494937	ce11	Histone	27599297
SRX494938	ce11	Histone	24995798
SRX494941	ce11	Histone	26509773
SRX494942	ce11	Histone	22264456
SRX494945	ce11	Histone	27753616
SRX494946	ce11	Histone	30472199
SRX494949	ce11	TFs and others	20769458
SRX494950	ce11	TFs and others	25949020
SRX494952	ce11	TFs and others	33047917
SRX494956	ce11	TFs and others	26663443
SRX494957	ce11	TFs and others	17778538
SRX494960	ce11	TFs and others	4465444
SRX494961	ce11	TFs and others	36876981
SRX494964	ce11	TFs and others	6065387
SRX494965	ce11	TFs and others	14251498
SRX494968	ce11	TFs and others	18432468
SRX494969	ce11	TFs and others	8451937
SRX494972	ce11	TFs and others	26851729
SRX494973	ce11	TFs and others	14762597
SRX494976	ce11	Histone	33054504
SRX494977	ce11	Histone	29285047
SRX494984	ce11	Histone	10015794
SRX494985	ce11	Histone	11592817
SRX494988	ce11	TFs and others	4716670
SRX494989	ce11	TFs and others	13613870
SRX494992	ce11	Histone	11863744
SRX494993	ce11	Histone	13396177
SRX494996	ce11	TFs and others	17534405
SRX494999	ce11	TFs and others	15778723
SRX495000	ce11	TFs and others	11715770
SRX495003	ce11	TFs and others	6972845
SRX495004	ce11	TFs and others	19595990
SRX495007	ce11	TFs and others	19425966
SRX495008	ce11	TFs and others	16689254
SRX495011	ce11	TFs and others	11801157
SRX495012	ce11	TFs and others	12429446
SRX495015	ce11	TFs and others	15153575
SRX495016	ce11	TFs and others	10976216
SRX495019	ce11	TFs and others	12939172
SRX495020	ce11	TFs and others	19841011
SRX495023	ce11	TFs and others	17440591
SRX495024	ce11	TFs and others	11722131
SRX495027	ce11	Histone	23940762
SRX495028	ce11	Histone	22906742
SRX495031	ce11	Histone	20667922
SRX495032	ce11	Histone	28232537
SRX495035	ce11	TFs and others	15485227
SRX495036	ce11	TFs and others	12255371
SRX495039	ce11	Histone	19979324
SRX495040	ce11	Histone	23628764
SRX495043	ce11	Histone	24122451
SRX495044	ce11	Histone	27236726
SRX495047	ce11	TFs and others	11756944
SRX495048	ce11	TFs and others	14746480
SRX495051	ce11	TFs and others	13687242
SRX495052	ce11	TFs and others	12195002
SRX495055	ce11	TFs and others	11503630
SRX495056	ce11	TFs and others	17578572
SRX495059	ce11	TFs and others	12994743
SRX495060	ce11	TFs and others	19076562
SRX495063	ce11	TFs and others	14292658
SRX495064	ce11	TFs and others	13404715
SRX495067	ce11	TFs and others	16193431
SRX495068	ce11	TFs and others	13933552
SRX495071	ce11	TFs and others	12966659
SRX495072	ce11	TFs and others	22611426
SRX495075	ce11	TFs and others	12762765
SRX495076	ce11	TFs and others	18930018
SRX495079	ce11	TFs and others	14382334
SRX495080	ce11	TFs and others	13181807
SRX495083	ce11	TFs and others	7257325
SRX495084	ce11	TFs and others	13226623
SRX495087	ce11	TFs and others	9571582
SRX495088	ce11	TFs and others	13944143
SRX495091	ce11	TFs and others	6747970
SRX495092	ce11	TFs and others	11245765
SRX495095	ce11	TFs and others	8157797
SRX495096	ce11	TFs and others	26190925
SRX495099	ce11	TFs and others	17890390
SRX495100	ce11	TFs and others	9064871
SRX495103	ce11	TFs and others	14545777
SRX495104	ce11	TFs and others	13968794
SRX495107	ce11	Histone	25622332
SRX495108	ce11	Histone	28380011
SRX495115	ce11	TFs and others	30872377
SRX495116	ce11	TFs and others	21028668
SRX495119	ce11	RNA polymerase	8982852
SRX495120	ce11	RNA polymerase	19824579
SRX495122	ce11	TFs and others	22015477
SRX495124	ce11	TFs and others	24225155
SRX4996803	ce11	TFs and others	21341230
SRX4996804	ce11	TFs and others	15747489
SRX4996805	ce11	TFs and others	13986985
SRX4996806	ce11	TFs and others	18937560
SRX4996807	ce11	TFs and others	20945035
SRX4996808	ce11	TFs and others	16457303
SRX4996809	ce11	TFs and others	24332188
SRX4996810	ce11	TFs and others	16829782
SRX4996811	ce11	TFs and others	17088064
SRX5020695	ce11	Histone	3720668
SRX5020696	ce11	Histone	10581396
SRX5020697	ce11	Histone	9275499
SRX5020698	ce11	Histone	5534775
SRX5020699	ce11	Histone	5774466
SRX5020700	ce11	Histone	5251918
SRX5020701	ce11	Histone	6284938
SRX5020702	ce11	Histone	5738369
SRX5020703	ce11	Histone	5275699
SRX5020704	ce11	Histone	5511544
SRX5020705	ce11	Histone	9986477
SRX5020706	ce11	Histone	9748012
SRX5020707	ce11	Histone	6012668
SRX5020708	ce11	Histone	6891148
SRX5020709	ce11	Histone	6701837
SRX5020710	ce11	Histone	7106634
SRX5020711	ce11	Histone	3793630
SRX5020712	ce11	Histone	4768734
SRX5020713	ce11	Histone	8760716
SRX5020714	ce11	Histone	10412425
SRX5020715	ce11	Histone	10825090
SRX5020716	ce11	Histone	7171554
SRX5020717	ce11	Histone	8587074
SRX5020718	ce11	Histone	8528916
SRX5020719	ce11	Histone	10680337
SRX5020720	ce11	Histone	9608336
SRX5020721	ce11	Histone	7880897
SRX5020722	ce11	Histone	19352427
SRX5020723	ce11	Histone	20125724
SRX5020724	ce11	Histone	4862714
SRX5020725	ce11	Histone	18323763
SRX5020726	ce11	Histone	8359926
SRX5020727	ce11	Histone	5756432
SRX5020728	ce11	Histone	15967421
SRX5020729	ce11	Histone	7616058
SRX5020730	ce11	Histone	11566894
SRX5020731	ce11	Histone	6799530
SRX5020732	ce11	Histone	5721404
SRX5020733	ce11	Histone	15813823
SRX5020734	ce11	Histone	7997890
SRX5020735	ce11	Histone	10810147
SRX5020736	ce11	Histone	6921054
SRX5020737	ce11	Histone	5533233
SRX5020738	ce11	Histone	5742321
SRX5020739	ce11	Histone	4222456
SRX5020740	ce11	Histone	4768014
SRX5020741	ce11	Histone	14683017
SRX5020742	ce11	Histone	13993764
SRX5020743	ce11	Histone	21494488
SRX5020744	ce11	Histone	20115882
SRX5020745	ce11	Histone	11435544
SRX5020746	ce11	Histone	7084482
SRX5020747	ce11	Histone	18065351
SRX5020748	ce11	Histone	5927314
SRX5020749	ce11	Histone	5568148
SRX5020750	ce11	Histone	27817518
SRX5020751	ce11	Histone	8621262
SRX5020752	ce11	Histone	7405531
SRX5020755	ce11	Histone	4428898
SRX5020756	ce11	Histone	5187616
SRX5020757	ce11	Histone	1447683
SRX5020758	ce11	Histone	6143335
SRX5020759	ce11	TFs and others	33697049
SRX5020760	ce11	TFs and others	20732212
SRX5020761	ce11	TFs and others	15276123
SRX5020762	ce11	TFs and others	12014281
SRX5020763	ce11	TFs and others	14563646
SRX5020764	ce11	TFs and others	16732587
SRX5020765	ce11	RNA polymerase	15513693
SRX5020766	ce11	RNA polymerase	8348211
SRX5020767	ce11	RNA polymerase	24711238
SRX5020768	ce11	RNA polymerase	12685473
SRX5020769	ce11	RNA polymerase	18036313
SRX5020770	ce11	RNA polymerase	13436168
SRX5020771	ce11	TFs and others	9839031
SRX5020772	ce11	TFs and others	10840451
SRX5020773	ce11	TFs and others	15153575
SRX5020774	ce11	TFs and others	20230030
SRX5020775	ce11	TFs and others	19467594
SRX5020776	ce11	TFs and others	4268679
SRX5020777	ce11	TFs and others	14229397
SRX5020778	ce11	TFs and others	5270968
SRX5020779	ce11	TFs and others	6066125
SRX5020780	ce11	TFs and others	7062296
SRX5020781	ce11	TFs and others	7886536
SRX5020782	ce11	TFs and others	6376353
SRX5020783	ce11	TFs and others	6972757
SRX5020784	ce11	TFs and others	17029652
SRX5020785	ce11	TFs and others	15728448
SRX5020786	ce11	TFs and others	7467832
SRX5020787	ce11	TFs and others	17082672
SRX5020788	ce11	TFs and others	13151464
SRX5020789	ce11	TFs and others	5328821
SRX5020790	ce11	TFs and others	5515691
SRX5020791	ce11	TFs and others	5640309
SRX5020792	ce11	Histone	10164035
SRX5020793	ce11	Histone	7236232
SRX5020794	ce11	Histone	11496496
SRX5020795	ce11	Histone	10236006
SRX5064640	ce11	Histone	27259598
SRX5064642	ce11	Histone	16090837
SRX5073497	ce11	TFs and others	25794530
SRX5073498	ce11	TFs and others	25177705
SRX5073499	ce11	TFs and others	27409706
SRX5073500	ce11	TFs and others	25496409
SRX5099382	ce11	TFs and others	28295179
SRX5099383	ce11	TFs and others	50653557
SRX514567	ce11	Histone	5046407
SRX514568	ce11	Histone	5096702
SRX514727	ce11	Histone	7071736
SRX514729	ce11	Histone	4104181
SRX515120	ce11	TFs and others	5139276
SRX515121	ce11	TFs and others	2955703
SRX529208	ce11	Histone	19141045
SRX529209	ce11	Histone	20333805
SRX529212	ce11	Histone	23070060
SRX529213	ce11	Histone	19253374
SRX529216	ce11	TFs and others	14099125
SRX529217	ce11	TFs and others	13002342
SRX529220	ce11	TFs and others	27642393
SRX529221	ce11	TFs and others	26022245
SRX529224	ce11	Histone	8711649
SRX529225	ce11	Histone	20038036
SRX529228	ce11	Histone	14054183
SRX529229	ce11	Histone	10874584
SRX5402697	ce11	Histone	30711065
SRX5402698	ce11	Histone	25974752
SRX5402699	ce11	Histone	32338477
SRX5402700	ce11	Histone	27481793
SRX5402701	ce11	Histone	25786876
SRX5402702	ce11	Histone	24621924
SRX5402703	ce11	Histone	20392638
SRX5402704	ce11	Histone	19023518
SRX5402705	ce11	Histone	35957579
SRX5402706	ce11	Histone	24297646
SRX5402707	ce11	Histone	42455837
SRX5402708	ce11	Histone	33352250
SRX5402709	ce11	Histone	40110722
SRX5402710	ce11	Histone	25497184
SRX5402711	ce11	Histone	34531212
SRX5402712	ce11	Histone	20399108
SRX5402713	ce11	Histone	30087212
SRX5402714	ce11	Histone	30585176
SRX5402715	ce11	Histone	32668453
SRX5402716	ce11	Histone	34323165
SRX5402717	ce11	Histone	24869622
SRX5402718	ce11	Histone	38462838
SRX5402719	ce11	Histone	7963731
SRX5402720	ce11	Histone	42267115
SRX5402721	ce11	Histone	21718754
SRX5402722	ce11	Histone	11328065
SRX5402723	ce11	Histone	5092384
SRX5402724	ce11	Histone	23857285
SRX5402725	ce11	Histone	31177070
SRX5402726	ce11	Histone	4541733
SRX5402727	ce11	Histone	5713630
SRX5402728	ce11	Histone	23847839
SRX5402729	ce11	Histone	3253636
SRX5402730	ce11	Histone	24353821
SRX5402731	ce11	Histone	31280312
SRX5402732	ce11	Histone	6768843
SRX5402733	ce11	Histone	6980982
SRX5402734	ce11	Histone	21536063
SRX5402735	ce11	Histone	3488323
SRX5402736	ce11	Histone	22553583
SRX5402737	ce11	Histone	20679782
SRX5402738	ce11	Histone	8227271
SRX5402739	ce11	Histone	41191721
SRX5402740	ce11	Histone	29950235
SRX5402741	ce11	Histone	32344770
SRX5402742	ce11	Histone	18678904
SRX5402743	ce11	Histone	23575875
SRX5402744	ce11	Histone	49034372
SRX5402745	ce11	Histone	35003294
SRX5402746	ce11	Histone	29913010
SRX5402747	ce11	Histone	32212115
SRX5402748	ce11	Histone	36790196
SRX5402749	ce11	Histone	25026804
SRX5402750	ce11	Histone	45111121
SRX5402751	ce11	Histone	30897440
SRX5402752	ce11	Histone	35077861
SRX5402753	ce11	Histone	61657199
SRX5402754	ce11	Histone	25740955
SRX5545237	ce11	TFs and others	89419961
SRX5545238	ce11	TFs and others	86239849
SRX5545240	ce11	TFs and others	75473212
SRX5545241	ce11	TFs and others	93004377
SRX5545243	ce11	TFs and others	85576422
SRX5545244	ce11	TFs and others	90606086
SRX5545246	ce11	TFs and others	43368755
SRX554716	ce11	RNA polymerase	1972973
SRX554717	ce11	RNA polymerase	2717950
SRX554718	ce11	RNA polymerase	1931063
SRX554720	ce11	RNA polymerase	1829269
SRX554721	ce11	RNA polymerase	6355171
SRX554722	ce11	RNA polymerase	2981950
SRX554723	ce11	Histone	1510696
SRX554724	ce11	Histone	8252117
SRX554734	ce11	Histone	7539884
SRX554735	ce11	RNA polymerase	11146393
SRX560681	ce11	TFs and others	5798539
SRX560682	ce11	TFs and others	8772844
SRX560683	ce11	TFs and others	4904548
SRX5709762	ce11	TFs and others	27392700
SRX5709763	ce11	TFs and others	27893567
SRX5709764	ce11	TFs and others	25014296
SRX5709768	ce11	TFs and others	30203719
SRX5709769	ce11	TFs and others	32921676
SRX5709770	ce11	TFs and others	28106398
SRX5729148	ce11	Histone	11313276
SRX5729149	ce11	Histone	10378315
SRX5729150	ce11	Histone	12029672
SRX5985664	ce11	Histone	17075468
SRX5985666	ce11	Histone	19842184
SRX5985668	ce11	Histone	20010084
SRX5985670	ce11	Histone	29916745
SRX5985672	ce11	Histone	21089109
SRX5985674	ce11	Histone	19194338
SRX5985676	ce11	Histone	52868835
SRX5985678	ce11	Histone	32897127
SRX657409	ce11	TFs and others	14817259
SRX657411	ce11	TFs and others	13371138
SRX6717193	ce11	TFs and others	46196347
SRX6717195	ce11	TFs and others	46393877
SRX6717197	ce11	TFs and others	52724146
SRX6717199	ce11	TFs and others	45160511
SRX6717201	ce11	TFs and others	8115321
SRX6717203	ce11	TFs and others	9518144
SRX6717205	ce11	TFs and others	16001701
SRX6717207	ce11	TFs and others	8560036
SRX6717209	ce11	TFs and others	13059725
SRX6717211	ce11	TFs and others	14177019
SRX6717213	ce11	TFs and others	18347061
SRX6717215	ce11	TFs and others	11552583
SRX6799182	ce11	Histone	28244193
SRX6799183	ce11	Histone	36690704
SRX6799184	ce11	Histone	37933523
SRX6799185	ce11	Histone	34054065
SRX6799186	ce11	Histone	35279189
SRX6799187	ce11	Histone	38150350
SRX6799188	ce11	Histone	36477308
SRX6799189	ce11	Histone	42139643
SRX6799190	ce11	Histone	34174635
SRX6799191	ce11	Histone	38761251
SRX6799192	ce11	Histone	34221432
SRX6799193	ce11	Histone	37378121
SRX7175088	ce11	TFs and others	26256039
SRX7202519	ce11	Histone	14989187
SRX7202520	ce11	Histone	16495713
SRX7202522	ce11	Histone	21068003
SRX7202523	ce11	Histone	14261675
SRX7202524	ce11	Histone	14692078
SRX7202525	ce11	Histone	17091793
SRX7217782	ce11	TFs and others	8636342
SRX7217783	ce11	TFs and others	8500222
SRX7217784	ce11	TFs and others	8765041
SRX7217785	ce11	TFs and others	7038331
SRX7217790	ce11	TFs and others	8389572
SRX7217791	ce11	TFs and others	7395069
SRX7217792	ce11	TFs and others	8412168
SRX7217793	ce11	TFs and others	9509995
SRX7246255	ce11	ATAC-Seq	17805098
SRX7246256	ce11	ATAC-Seq	30844847
SRX7246257	ce11	ATAC-Seq	40258548
SRX7246258	ce11	ATAC-Seq	25617132
SRX7246259	ce11	ATAC-Seq	12346232
SRX7246260	ce11	ATAC-Seq	55460313
SRX7246261	ce11	ATAC-Seq	15451154
SRX7246262	ce11	ATAC-Seq	20949365
SRX7246263	ce11	ATAC-Seq	16826488
SRX7246264	ce11	ATAC-Seq	28784975
SRX7246265	ce11	ATAC-Seq	10732604
SRX7246266	ce11	ATAC-Seq	32073993
SRX7246267	ce11	ATAC-Seq	11752793
SRX7246268	ce11	ATAC-Seq	34161503
SRX7246269	ce11	ATAC-Seq	23264534
SRX7246270	ce11	ATAC-Seq	19727431
SRX7246271	ce11	ATAC-Seq	27744099
SRX7246272	ce11	ATAC-Seq	13018833
SRX7246273	ce11	ATAC-Seq	33208398
SRX7246274	ce11	ATAC-Seq	97814500
SRX7246275	ce11	ATAC-Seq	2955970
SRX7246276	ce11	ATAC-Seq	15616360
SRX7246277	ce11	ATAC-Seq	25034886
SRX7262192	ce11	Histone	10020192
SRX7262193	ce11	Histone	10852432
SRX7262194	ce11	Histone	9435488
SRX7262195	ce11	Histone	6518497
SRX7262197	ce11	Histone	9157221
SRX7262198	ce11	Histone	5997165
SRX7262199	ce11	Histone	6646167
SRX7262200	ce11	Histone	4163318
SRX7262201	ce11	Histone	3444666
SRX7262205	ce11	Histone	5583079
SRX7262206	ce11	Histone	3581888
SRX7262207	ce11	Histone	6370948
SRX7262208	ce11	Histone	7180962
SRX7262209	ce11	Histone	7708268
SRX7262210	ce11	Histone	3655434
SRX7262211	ce11	Histone	10280426
SRX7262212	ce11	Histone	14003105
SRX7262213	ce11	Histone	15261138
SRX7262214	ce11	Histone	13314924
SRX7262215	ce11	Histone	9247400
SRX7262216	ce11	Histone	5872918
SRX7262217	ce11	Histone	5940876
SRX7262218	ce11	Histone	8695122
SRX7262219	ce11	Histone	4913051
SRX7262221	ce11	Histone	17986801
SRX7262222	ce11	Histone	8270184
SRX7262223	ce11	Histone	4361308
SRX7262224	ce11	Histone	6821424
SRX7262226	ce11	Histone	1462729
SRX7262227	ce11	Histone	6929800
SRX7262228	ce11	Histone	3651845
SRX7262229	ce11	Histone	2849153
SRX7262230	ce11	Histone	5401926
SRX7262231	ce11	Histone	2717461
SRX7262233	ce11	Histone	3996761
SRX7262234	ce11	Histone	7613748
SRX7262235	ce11	Histone	1909720
SRX7262236	ce11	Histone	7595899
SRX7262237	ce11	Histone	3823058
SRX7262239	ce11	Histone	4289752
SRX7262240	ce11	Histone	4267483
SRX7262241	ce11	Histone	10001083
SRX7262242	ce11	Histone	2274836
SRX743640	ce11	Histone	15677259
SRX743641	ce11	Histone	13719552
SRX743642	ce11	Histone	8858052
SRX743643	ce11	Histone	15651666
SRX743644	ce11	Histone	12110512
SRX743645	ce11	Histone	14452524
SRX743646	ce11	Histone	8671434
SRX743647	ce11	Histone	10087884
SRX743648	ce11	Histone	8392596
SRX743649	ce11	Histone	8999820
SRX743650	ce11	Histone	14530482
SRX743651	ce11	Histone	10326979
SRX747295	ce11	Histone	16180346
SRX747296	ce11	Histone	16294611
SRX747297	ce11	Histone	11035931
SRX747298	ce11	Histone	14616230
SRX747299	ce11	Histone	16538802
SRX747300	ce11	Histone	59934228
SRX747301	ce11	Histone	28914131
SRX747302	ce11	Histone	21338534
SRX747303	ce11	Histone	27367092
SRX747304	ce11	Histone	23980098
SRX747305	ce11	Histone	21320771
SRX747306	ce11	Histone	24755999
SRX7505498	ce11	TFs and others	8993763
SRX7574649	ce11	Histone	21934311
SRX7574650	ce11	Histone	23613829
SRX7574651	ce11	Histone	23870270
SRX7574652	ce11	Histone	29603116
SRX7627551	ce11	TFs and others	5666473
SRX7627552	ce11	TFs and others	5781099
SRX7627553	ce11	TFs and others	3682205
SRX7627594	ce11	TFs and others	29918182
SRX7627595	ce11	TFs and others	13642872
SRX7627596	ce11	TFs and others	13561672
SRX7635313	ce11	TFs and others	14232699
SRX7635314	ce11	TFs and others	11433374
SRX7665442	ce11	TFs and others	16767433
SRX7665443	ce11	TFs and others	14610558
SRX7665444	ce11	TFs and others	15470898
SRX7665445	ce11	TFs and others	5291123
SRX7665446	ce11	TFs and others	31310001
SRX7665447	ce11	TFs and others	6716566
SRX7665448	ce11	TFs and others	18104969
SRX7665449	ce11	TFs and others	10974271
SRX7665450	ce11	TFs and others	14213636
SRX7665451	ce11	TFs and others	31920556
SRX7665452	ce11	TFs and others	7779842
SRX7665453	ce11	TFs and others	21141764
SRX7687144	ce11	ATAC-Seq	27010582
SRX7687145	ce11	ATAC-Seq	30139182
SRX7687146	ce11	ATAC-Seq	39746363
SRX7687147	ce11	ATAC-Seq	27191206
SRX7687148	ce11	ATAC-Seq	25143065
SRX7687149	ce11	ATAC-Seq	27642635
SRX7687150	ce11	ATAC-Seq	29736773
SRX7687151	ce11	ATAC-Seq	32752234
SRX7687152	ce11	ATAC-Seq	30680231
SRX7687153	ce11	ATAC-Seq	27001433
SRX7687154	ce11	ATAC-Seq	22511278
SRX7687155	ce11	ATAC-Seq	26612955
SRX7756572	ce11	TFs and others	20228470
SRX7756574	ce11	TFs and others	17628417
SRX7879251	ce11	Histone	41940504
SRX7879252	ce11	Histone	60530886
SRX7879253	ce11	Histone	45228743
SRX7879254	ce11	Histone	42721018
SRX7879255	ce11	Histone	42913454
SRX7879256	ce11	Histone	40235808
SRX7879257	ce11	Histone	44815642
SRX7879258	ce11	Histone	39732741
SRX7879262	ce11	TFs and others	32553506
SRX7879263	ce11	TFs and others	34859115
SRX7879264	ce11	TFs and others	30577070
SRX7879265	ce11	TFs and others	31270331
SRX7879266	ce11	TFs and others	28254245
SRX7879267	ce11	TFs and others	29956757
SRX794054	ce11	TFs and others	39688560
SRX796306	ce11	TFs and others	36895783
SRX7971790	ce11	Histone	26073825
SRX7971791	ce11	Histone	26952738
SRX7971792	ce11	Histone	27891436
SRX7971793	ce11	Histone	24304532
SRX7971794	ce11	Histone	21768229
SRX7971795	ce11	Histone	24463817
SRX7971796	ce11	Histone	24827639
SRX7971797	ce11	Histone	23425507
SRX7971802	ce11	Histone	32221758
SRX7971803	ce11	Histone	40364270
SRX7971804	ce11	Histone	20409844
SRX7971805	ce11	Histone	32524259
SRX7971806	ce11	Histone	41470633
SRX7971807	ce11	Histone	28017931
SRX7971808	ce11	Histone	49428249
SRX7971809	ce11	Histone	27314673
SRX8331145	ce11	Histone	10743677
SRX8331146	ce11	Histone	15578265
SRX8331149	ce11	Histone	24714189
SRX8331150	ce11	Histone	11289977
SRX8331153	ce11	Histone	10720309
SRX8331154	ce11	Histone	7625281
SRX8331157	ce11	Histone	31107446
SRX8331158	ce11	Histone	11882389
SRX8331161	ce11	Histone	27925295
SRX8331162	ce11	Histone	34618852
SRX8331164	ce11	Histone	22929440
SRX8392417	ce11	TFs and others	8367369
SRX8392418	ce11	TFs and others	8304521
SRX8392419	ce11	TFs and others	8473861
SRX8392420	ce11	TFs and others	8332701
SRX8392427	ce11	TFs and others	7324400
SRX8392428	ce11	TFs and others	1769208
SRX8392429	ce11	TFs and others	8002944
SRX8392430	ce11	TFs and others	7482444
SRX8392431	ce11	TFs and others	10228115
SRX8392432	ce11	TFs and others	7913909
SRX8832063	ce11	Histone	32508562
SRX8832064	ce11	Histone	28425778
SRX8832065	ce11	Histone	20163291
SRX8832066	ce11	Histone	20583358
SRX8832067	ce11	Histone	15544248
SRX8832068	ce11	Histone	15364166
SRX8832069	ce11	Histone	14729232
SRX8832070	ce11	Histone	13358170
SRX8832071	ce11	Histone	15379429
SRX8832072	ce11	Histone	16427403
SRX8832073	ce11	Histone	18990401
SRX8832074	ce11	Histone	12283396
SRX8832075	ce11	Histone	13179853
SRX8832076	ce11	Histone	8640764
SRX8832077	ce11	Histone	15577553
SRX8832078	ce11	Histone	20915804
SRX8832079	ce11	TFs and others	15447502
SRX8832080	ce11	TFs and others	13036679
SRX8832081	ce11	TFs and others	13350384
SRX8832082	ce11	TFs and others	8896687
SRX8832083	ce11	TFs and others	14539728
SRX8832084	ce11	TFs and others	10512220
SRX8832085	ce11	TFs and others	21461172
SRX8832086	ce11	TFs and others	11817326
SRX8832087	ce11	TFs and others	10611046
SRX8832088	ce11	TFs and others	12306543
SRX8832089	ce11	TFs and others	19742564
SRX8832090	ce11	TFs and others	19789477
SRX8832091	ce11	TFs and others	31748053
SRX8832092	ce11	TFs and others	31385532
SRX8832093	ce11	TFs and others	22250857
SRX8832094	ce11	TFs and others	15511694
SRX8832095	ce11	TFs and others	12619188
SRX8832096	ce11	TFs and others	10882888
SRX8832097	ce11	TFs and others	10019332
SRX8832098	ce11	TFs and others	7752974
SRX8832099	ce11	TFs and others	17513053
SRX8832100	ce11	TFs and others	18824022
SRX8832101	ce11	TFs and others	20187825
SRX8832102	ce11	TFs and others	18464781
SRX8832103	ce11	TFs and others	14101553
SRX8832104	ce11	TFs and others	18341985
SRX8832105	ce11	TFs and others	6997969
SRX8832106	ce11	TFs and others	13247927
SRX8832107	ce11	TFs and others	17053745
SRX8832108	ce11	TFs and others	17070129
SRX8832109	ce11	TFs and others	16589313
SRX8832110	ce11	TFs and others	19166326
SRX8832111	ce11	TFs and others	11077363
SRX8832112	ce11	TFs and others	17679744
SRX8845620	ce11	ATAC-Seq	6930381
SRX8845621	ce11	ATAC-Seq	8944770
SRX8845622	ce11	ATAC-Seq	8906104
SRX8845623	ce11	ATAC-Seq	6657807
SRX8845624	ce11	ATAC-Seq	7267510
SRX8845625	ce11	ATAC-Seq	7505545
SRX8845626	ce11	ATAC-Seq	6465964
SRX8845627	ce11	ATAC-Seq	7092227
SRX8845628	ce11	ATAC-Seq	6488747
SRX8845629	ce11	ATAC-Seq	10128985
SRX8845630	ce11	ATAC-Seq	12775934
SRX8845637	ce11	ATAC-Seq	46179915
SRX8845638	ce11	ATAC-Seq	48875734
SRX8845639	ce11	ATAC-Seq	36993552
SRX8845640	ce11	ATAC-Seq	39938522
SRX8845641	ce11	ATAC-Seq	38664348
SRX8845642	ce11	ATAC-Seq	49704642
SRX8845643	ce11	ATAC-Seq	34620754
SRX8845644	ce11	ATAC-Seq	32516998
SRX8845645	ce11	ATAC-Seq	29668815
SRX8845646	ce11	ATAC-Seq	30118054
SRX8845647	ce11	ATAC-Seq	32587283
SRX8845648	ce11	ATAC-Seq	25233363
SRX8845649	ce11	ATAC-Seq	47129594
SRX8845650	ce11	ATAC-Seq	34629867
SRX8845651	ce11	ATAC-Seq	39634020
SRX8845652	ce11	ATAC-Seq	36116816
SRX8845653	ce11	ATAC-Seq	30341959
SRX8845654	ce11	ATAC-Seq	35803294
SRX8845655	ce11	ATAC-Seq	6777971
SRX8845656	ce11	ATAC-Seq	6984741
SRX8845657	ce11	ATAC-Seq	6511885
SRX9025733	ce11	ATAC-Seq	316741414
SRX9025734	ce11	ATAC-Seq	23004749
SRX9120606	ce11	TFs and others	37410483
SRX9120607	ce11	TFs and others	41837722
SRX9120608	ce11	TFs and others	27560836
SRX9120609	ce11	TFs and others	40312738
SRX9120610	ce11	TFs and others	42619141
SRX9120611	ce11	TFs and others	39221397
SRX9120612	ce11	TFs and others	29658545
SRX9120613	ce11	TFs and others	37768674
SRX9555449	ce11	TFs and others	21932842
SRX9555450	ce11	TFs and others	25997655
SRX9555451	ce11	TFs and others	22264005
SRX9555452	ce11	TFs and others	20936115
SRX9555453	ce11	TFs and others	39068285
SRX9555454	ce11	TFs and others	24005034
SRX9555455	ce11	TFs and others	21504004
SRX9555456	ce11	TFs and others	8289457
SRX9555457	ce11	TFs and others	27705962
SRX9555458	ce11	TFs and others	20336473
SRX9555459	ce11	TFs and others	23289161
SRX9555460	ce11	TFs and others	26818496
SRX9567166	ce11	TFs and others	19598085
SRX9567167	ce11	TFs and others	30931526
SRX9567168	ce11	TFs and others	19064285
SRX9567169	ce11	TFs and others	22845636
SRX9567170	ce11	TFs and others	27040874
SRX9567171	ce11	TFs and others	26549213
SRX9567172	ce11	TFs and others	21858738
SRX9567173	ce11	TFs and others	20321940
SRX9567174	ce11	TFs and others	24637979
SRX9567175	ce11	TFs and others	35168488
SRX9567176	ce11	TFs and others	20331244
SRX9567177	ce11	TFs and others	18839971
SRX9567178	ce11	TFs and others	20091920
SRX9567179	ce11	TFs and others	18267621
SRX9567180	ce11	TFs and others	23548842
SRX9567181	ce11	TFs and others	19158153
SRX9567190	ce11	RNA polymerase	14657143
SRX9567191	ce11	RNA polymerase	13413645
SRX9567192	ce11	RNA polymerase	16947048
SRX9567193	ce11	RNA polymerase	12569340
SRX9567194	ce11	RNA polymerase	13672633
SRX9567195	ce11	RNA polymerase	11144851
SRX9567196	ce11	RNA polymerase	13969671
SRX9567197	ce11	RNA polymerase	12265487
SRX9567198	ce11	RNA polymerase	14224263
SRX9567199	ce11	RNA polymerase	13328720
SRX9567200	ce11	RNA polymerase	8574763
SRX9567201	ce11	RNA polymerase	14495034
SRX9567202	ce11	RNA polymerase	14893600
SRX9567203	ce11	RNA polymerase	14331032
SRX9567204	ce11	RNA polymerase	11560982
SRX9567205	ce11	RNA polymerase	11307245
SRX958294	ce11	Histone	73597677
SRX958295	ce11	Histone	34130372
SRX958296	ce11	Histone	62865092
SRX958297	ce11	Histone	19526266
SRX982060	ce11	TFs and others	18405815
SRX982061	ce11	TFs and others	9373615
SRX982062	ce11	TFs and others	7648332
SRX982063	ce11	TFs and others	12423035
SRX982064	ce11	TFs and others	7887410
SRX982065	ce11	TFs and others	20608259
SRX982066	ce11	TFs and others	6126417
SRX982067	ce11	TFs and others	7224626
SRX982068	ce11	TFs and others	8231187
SRX982069	ce11	Histone	20362527
SRX982070	ce11	Histone	5932888
SRX982071	ce11	Histone	5885804
SRX982072	ce11	Histone	24103795
SRX982073	ce11	Histone	14661660
SRX982074	ce11	Histone	7295902
SRX982075	ce11	Histone	26326802
SRX982076	ce11	Histone	11868925
SRX982077	ce11	Histone	9211066
SRX982078	ce11	Histone	8489246
SRX982079	ce11	Histone	8070174
SRX982080	ce11	Histone	14032523
SRX982081	ce11	Histone	11533899
SRX982082	ce11	Histone	10807193
SRX982083	ce11	Histone	9334034
SRX982084	ce11	Histone	11041038
SRX982085	ce11	Histone	10867984
SRX982086	ce11	Histone	6450547
SRX982087	ce11	Histone	19049026
SRX982088	ce11	Histone	6243277
SRX9904330	ce11	RNA polymerase	8506202
SRX9904331	ce11	RNA polymerase	8942796
SRX9904332	ce11	RNA polymerase	10001393
SRX9904333	ce11	RNA polymerase	7843902
SRX9904334	ce11	Histone	5635197
SRX9904335	ce11	Histone	6721263
SRX9904336	ce11	Histone	7862676
SRX9904337	ce11	Histone	7102812
